dept_no,department,year_no,year,violent
1,"Austin, Texas",1,1975,404.460719
1,"Austin, Texas",2,1976,421.8905752
1,"Austin, Texas",3,1977,391.4259087
1,"Austin, Texas",4,1978,426.1710656
1,"Austin, Texas",5,1979,442.6652296
1,"Austin, Texas",6,1980,501.7107083
1,"Austin, Texas",7,1981,432.0385227
1,"Austin, Texas",8,1982,413.6839746
1,"Austin, Texas",9,1983,402.5285299
1,"Austin, Texas",10,1984,427.7886081
1,"Austin, Texas",11,1985,581.3481471
1,"Austin, Texas",12,1986,643.8607503
1,"Austin, Texas",13,1987,492.60769
1,"Austin, Texas",14,1988,536.5589627
1,"Austin, Texas",15,1989,555.547262
1,"Austin, Texas",16,1990,714.3133271
1,"Austin, Texas",17,1991,624.1089415
1,"Austin, Texas",18,1992,588.8733922
1,"Austin, Texas",19,1993,599.7792908
1,"Austin, Texas",20,1994,634.9721308
1,"Austin, Texas",21,1995,773.3568077
1,"Austin, Texas",22,1996,710.9048827
1,"Austin, Texas",23,1997,645.7069732
1,"Austin, Texas",24,1998,540.5907553
1,"Austin, Texas",25,1999,497.868445
1,"Austin, Texas",26,2000,471.8518586
1,"Austin, Texas",27,2001,473.7423711
1,"Austin, Texas",28,2002,467.0566826
1,"Austin, Texas",29,2003,462.1005717
1,"Austin, Texas",30,2004,525.1003223
1,"Austin, Texas",31,2005,489.5969663
1,"Austin, Texas",32,2006,515.3469998
1,"Austin, Texas",33,2007,540.026255
1,"Austin, Texas",34,2008,522.2053388
1,"Austin, Texas",35,2009,523.2973978
1,"Austin, Texas",36,2010,479.5101153
1,"Austin, Texas",37,2011,429.9758867
1,"Austin, Texas",38,2012,408.8120917
1,"Austin, Texas",39,2013,363.4861147
1,"Austin, Texas",40,2014,396.1616242
1,"Austin, Texas",41,2015,386.8688076
2,"Charlotte-Mecklenburg, N.C.",1,1975,739.0224454
2,"Charlotte-Mecklenburg, N.C.",2,1976,691.5553609
2,"Charlotte-Mecklenburg, N.C.",3,1977,855.8445222
2,"Charlotte-Mecklenburg, N.C.",4,1978,787.7683993
2,"Charlotte-Mecklenburg, N.C.",5,1979,826.7652353
2,"Charlotte-Mecklenburg, N.C.",6,1980,887.7262753
2,"Charlotte-Mecklenburg, N.C.",7,1981,1000.306474
2,"Charlotte-Mecklenburg, N.C.",8,1982,1280.773712
2,"Charlotte-Mecklenburg, N.C.",9,1983,1318.179571
2,"Charlotte-Mecklenburg, N.C.",10,1984,1334.670715
2,"Charlotte-Mecklenburg, N.C.",11,1985,1362.864548
2,"Charlotte-Mecklenburg, N.C.",12,1986,1614.930232
2,"Charlotte-Mecklenburg, N.C.",13,1987,1680.332926
2,"Charlotte-Mecklenburg, N.C.",14,1988,1839.445926
2,"Charlotte-Mecklenburg, N.C.",15,1989,2050.390218
2,"Charlotte-Mecklenburg, N.C.",16,1990,2303.161638
2,"Charlotte-Mecklenburg, N.C.",17,1991,2175.759653
2,"Charlotte-Mecklenburg, N.C.",18,1992,2312.257459
2,"Charlotte-Mecklenburg, N.C.",19,1993,2299.804664
2,"Charlotte-Mecklenburg, N.C.",20,1994,1726.738263
2,"Charlotte-Mecklenburg, N.C.",21,1995,1695.868388
2,"Charlotte-Mecklenburg, N.C.",22,1996,1609.002473
2,"Charlotte-Mecklenburg, N.C.",23,1997,1630.76841
2,"Charlotte-Mecklenburg, N.C.",24,1998,1454.614739
2,"Charlotte-Mecklenburg, N.C.",25,1999,1345.277395
2,"Charlotte-Mecklenburg, N.C.",26,2000,1201.003499
2,"Charlotte-Mecklenburg, N.C.",27,2001,1221.602648
2,"Charlotte-Mecklenburg, N.C.",28,2002,1172.271142
2,"Charlotte-Mecklenburg, N.C.",29,2003,1076.941271
2,"Charlotte-Mecklenburg, N.C.",30,2004,1099.136857
2,"Charlotte-Mecklenburg, N.C.",31,2005,1171.576171
2,"Charlotte-Mecklenburg, N.C.",32,2006,1076.926156
2,"Charlotte-Mecklenburg, N.C.",33,2007,986.3751226
2,"Charlotte-Mecklenburg, N.C.",34,2008,931.772384
2,"Charlotte-Mecklenburg, N.C.",35,2009,723.2791742
2,"Charlotte-Mecklenburg, N.C.",36,2010,627.4204949
2,"Charlotte-Mecklenburg, N.C.",37,2011,606.3500186
2,"Charlotte-Mecklenburg, N.C.",38,2012,647.863214
2,"Charlotte-Mecklenburg, N.C.",39,2013,608.0192159
2,"Charlotte-Mecklenburg, N.C.",40,2014,589.7894309
2,"Charlotte-Mecklenburg, N.C.",41,2015,703.6862423
3,Chicago,1,1975,1179.68254
3,Chicago,2,1976,977.5086864
3,Chicago,3,1977,935.3681443
3,Chicago,4,1978,896.945248
3,Chicago,5,1979,908.4876802
3,Chicago,6,1980,959.6108249
3,Chicago,7,1981,850.034006
3,Chicago,8,1982,876.9581602
3,Chicago,9,1983,1316.561648
3,Chicago,10,1984,2010.905141
3,Chicago,11,1985,2001.139774
3,Chicago,12,1986,2294.591764
3,Chicago,13,1987,2265.087608
3,Chicago,14,1988,2315.153134
3,Chicago,15,1989,2462.63712
3,Chicago,16,1990,2971.844212
3,Chicago,17,1991,3219.658841
3,Chicago,18,1992,2973.700811
3,Chicago,19,1993,2839.122035
3,Chicago,20,1994,2793.618827
3,Chicago,21,1995,2655.127934
3,Chicago,22,1996,2450.802762
3,Chicago,23,1997,2354.066667
3,Chicago,24,1998,2265.317347
3,Chicago,25,1999,1820.149506
3,Chicago,26,2000,1675.474169
3,Chicago,27,2001,1601.25935
3,Chicago,28,2002,1565.021123
3,Chicago,29,2003,1362.246556
3,Chicago,30,2004,1278.746029
3,Chicago,31,2005,1254.59336
3,Chicago,32,2006,1237.422125
3,Chicago,33,2007,1236.920388
3,Chicago,34,2008,1264.94007
3,Chicago,35,2009,1176.12117
3,Chicago,36,2010,1104.541553
3,Chicago,37,2011,1045.710103
3,Chicago,38,2012,1019.79706
3,Chicago,39,2013,944.2194494
3,Chicago,40,2014,885.9004427
3,Chicago,41,2015,905.3562599
4,"Columbus, Ohio",1,1975,694.8360414
4,"Columbus, Ohio",2,1976,551.9731318
4,"Columbus, Ohio",3,1977,569.2686357
4,"Columbus, Ohio",4,1978,579.7647742
4,"Columbus, Ohio",5,1979,794.3046745
4,"Columbus, Ohio",6,1980,912.1362123
4,"Columbus, Ohio",7,1981,934.9862141
4,"Columbus, Ohio",8,1982,814.2917968
4,"Columbus, Ohio",9,1983,747.6911895
4,"Columbus, Ohio",10,1984,765.3765593
4,"Columbus, Ohio",11,1985,776.4079465
4,"Columbus, Ohio",12,1986,909.3558729
4,"Columbus, Ohio",13,1987,947.6928496
4,"Columbus, Ohio",14,1988,986.0169808
4,"Columbus, Ohio",15,1989,1045.879991
4,"Columbus, Ohio",16,1990,1109.478441
4,"Columbus, Ohio",17,1991,1130.873424
4,"Columbus, Ohio",18,1992,1093.109476
4,"Columbus, Ohio",19,1993,1104.596612
4,"Columbus, Ohio",20,1994,1043.589664
4,"Columbus, Ohio",21,1995,1037.059535
4,"Columbus, Ohio",22,1996,970.7994884
4,"Columbus, Ohio",23,1997,933.5171158
4,"Columbus, Ohio",24,1998,816.8148004
4,"Columbus, Ohio",25,1999,854.6170855
4,"Columbus, Ohio",26,2000,843.0432766
4,"Columbus, Ohio",27,2001,897.3718621
4,"Columbus, Ohio",28,2002,908.0125577
4,"Columbus, Ohio",29,2003,855.8825919
4,"Columbus, Ohio",30,2004,813.6608436
4,"Columbus, Ohio",31,2005,849.3432412
4,"Columbus, Ohio",32,2006,813.6182638
4,"Columbus, Ohio",33,2007,856.2721049
4,"Columbus, Ohio",34,2008,778.57444
4,"Columbus, Ohio",35,2009,707.8040166
4,"Columbus, Ohio",36,2010,695.2694487
4,"Columbus, Ohio",37,2011,663.7811401
4,"Columbus, Ohio",38,2012,602.9717175
4,"Columbus, Ohio",39,2013,544.6100024
4,"Columbus, Ohio",40,2014,558.4904389
4,"Columbus, Ohio",41,2015,NA
5,Dallas,1,1975,885.3139655
5,Dallas,2,1976,815.3525803
5,Dallas,3,1977,1018.541834
5,Dallas,4,1978,1133.704659
5,Dallas,5,1979,1298.194905
5,Dallas,6,1980,1408.837201
5,Dallas,7,1981,1360.222689
5,Dallas,8,1982,1344.804991
5,Dallas,9,1983,1149.147951
5,Dallas,10,1984,1226.085759
5,Dallas,11,1985,1440.047641
5,Dallas,12,1986,1896.234879
5,Dallas,13,1987,1988.817235
5,Dallas,14,1988,2076.500907
5,Dallas,15,1989,2130.640758
5,Dallas,16,1990,2438.232277
5,Dallas,17,1991,2568.259037
5,Dallas,18,1992,2071.735836
5,Dallas,19,1993,1743.302203
5,Dallas,20,1994,1589.005879
5,Dallas,21,1995,1532.404173
5,Dallas,22,1996,1535.001909
5,Dallas,23,1997,1383.800213
5,Dallas,24,1998,1465.445401
5,Dallas,25,1999,1414.256734
5,Dallas,26,2000,1349.677767
5,Dallas,27,2001,1462.379674
5,Dallas,28,2002,1370.782155
5,Dallas,29,2003,1370.801641
5,Dallas,30,2004,1315.711294
5,Dallas,31,2005,1254.081312
5,Dallas,32,2006,1206.354954
5,Dallas,33,2007,1069.159651
5,Dallas,34,2008,894.8342519
5,Dallas,35,2009,792.1622363
5,Dallas,36,2010,764.8086184
5,Dallas,37,2011,681.1003245
5,Dallas,38,2012,674.9632918
5,Dallas,39,2013,663.7370868
5,Dallas,40,2014,664.6515707
5,Dallas,41,2015,710.3134559
6,Detroit,1,1975,2121.339473
6,Detroit,2,1976,2226.144967
6,Detroit,3,1977,1828.538263
6,Detroit,4,1978,1668.934198
6,Detroit,5,1979,1669.759255
6,Detroit,6,1980,1945.002401
6,Detroit,7,1981,1941.355582
6,Detroit,8,1982,2009.192228
6,Detroit,9,1983,2168.877998
6,Detroit,10,1984,2343.498461
6,Detroit,11,1985,2375.247689
6,Detroit,12,1986,2486.628798
6,Detroit,13,1987,2544.884533
6,Detroit,14,1988,2374.589818
6,Detroit,15,1989,2400.540978
6,Detroit,16,1990,2699.192781
6,Detroit,17,1991,2727.344665
6,Detroit,18,1992,2532.926997
6,Detroit,19,1993,NA
6,Detroit,20,1994,2687.220662
6,Detroit,21,1995,2407.607764
6,Detroit,22,1996,2318.569608
6,Detroit,23,1997,2151.531409
6,Detroit,24,1998,2442.758626
6,Detroit,25,1999,2253.902484
6,Detroit,26,2000,2324.471496
6,Detroit,27,2001,2190.460355
6,Detroit,28,2002,2072.793083
6,Detroit,29,2003,2018.181309
6,Detroit,30,2004,1740.356296
6,Detroit,31,2005,2361.332487
6,Detroit,32,2006,2418.532396
6,Detroit,33,2007,2286.952755
6,Detroit,34,2008,1985.243706
6,Detroit,35,2009,1991.763912
6,Detroit,36,2010,2377.91355
6,Detroit,37,2011,2138.694042
6,Detroit,38,2012,2124.605428
6,Detroit,39,2013,2071.899973
6,Detroit,40,2014,1989.50188
6,Detroit,41,2015,1898.804429
7,"El Paso, Texas",1,1975,438.4823848
7,"El Paso, Texas",2,1976,435.2361426
7,"El Paso, Texas",3,1977,404.1450777
7,"El Paso, Texas",4,1978,373.433584
7,"El Paso, Texas",5,1979,543.2625761
7,"El Paso, Texas",6,1980,661.2219551
7,"El Paso, Texas",7,1981,792.9031777
7,"El Paso, Texas",8,1982,855.5305184
7,"El Paso, Texas",9,1983,906.2022389
7,"El Paso, Texas",10,1984,800.8622689
7,"El Paso, Texas",11,1985,771.1584223
7,"El Paso, Texas",12,1986,978.250762
7,"El Paso, Texas",13,1987,875.2328499
7,"El Paso, Texas",14,1988,898.2262773
7,"El Paso, Texas",15,1989,915.8137884
7,"El Paso, Texas",16,1990,991.7685731
7,"El Paso, Texas",17,1991,1066.992946
7,"El Paso, Texas",18,1992,1087.640366
7,"El Paso, Texas",19,1993,1101.683453
7,"El Paso, Texas",20,1994,949.9578013
7,"El Paso, Texas",21,1995,838.3385715
7,"El Paso, Texas",22,1996,852.1422139
7,"El Paso, Texas",23,1997,791.3453033
7,"El Paso, Texas",24,1998,700.3891051
7,"El Paso, Texas",25,1999,686.0205678
7,"El Paso, Texas",26,2000,779.900011
7,"El Paso, Texas",27,2001,760.8599487
7,"El Paso, Texas",28,2002,661.0615711
7,"El Paso, Texas",29,2003,597.2114217
7,"El Paso, Texas",30,2004,545.8610866
7,"El Paso, Texas",31,2005,435.4985303
7,"El Paso, Texas",32,2006,393.4673375
7,"El Paso, Texas",33,2007,417.8374719
7,"El Paso, Texas",34,2008,461.3193898
7,"El Paso, Texas",35,2009,457.3279122
7,"El Paso, Texas",36,2010,440.7498756
7,"El Paso, Texas",37,2011,431.2139775
7,"El Paso, Texas",38,2012,423.2194879
7,"El Paso, Texas",39,2013,371.0460497
7,"El Paso, Texas",40,2014,392.6364856
7,"El Paso, Texas",41,2015,369.7045157
8,"Fort Worth, Texas",1,1975,508.5568159
8,"Fort Worth, Texas",2,1976,475.4297259
8,"Fort Worth, Texas",3,1977,668.6195265
8,"Fort Worth, Texas",4,1978,710.3708828
8,"Fort Worth, Texas",5,1979,987.8257433
8,"Fort Worth, Texas",6,1980,1226.354203
8,"Fort Worth, Texas",7,1981,1241.210393
8,"Fort Worth, Texas",8,1982,1187.657666
8,"Fort Worth, Texas",9,1983,1201.928172
8,"Fort Worth, Texas",10,1984,1297.940721
8,"Fort Worth, Texas",11,1985,1496.52844
8,"Fort Worth, Texas",12,1986,1819.47649
8,"Fort Worth, Texas",13,1987,1779.068019
8,"Fort Worth, Texas",14,1988,1692.350695
8,"Fort Worth, Texas",15,1989,1548.964995
8,"Fort Worth, Texas",16,1990,1748.361888
8,"Fort Worth, Texas",17,1991,1949.817464
8,"Fort Worth, Texas",18,1992,2018.647558
8,"Fort Worth, Texas",19,1993,1506.130051
8,"Fort Worth, Texas",20,1994,1277.822007
8,"Fort Worth, Texas",21,1995,1160.929004
8,"Fort Worth, Texas",22,1996,1059.85276
8,"Fort Worth, Texas",23,1997,902.4900607
8,"Fort Worth, Texas",24,1998,869.5739509
8,"Fort Worth, Texas",25,1999,851.1013604
8,"Fort Worth, Texas",26,2000,713.6792259
8,"Fort Worth, Texas",27,2001,706.620729
8,"Fort Worth, Texas",28,2002,759.7230404
8,"Fort Worth, Texas",29,2003,650.8322359
8,"Fort Worth, Texas",30,2004,636.0198336
8,"Fort Worth, Texas",31,2005,639.2058194
8,"Fort Worth, Texas",32,2006,657.4190653
8,"Fort Worth, Texas",33,2007,667.5185219
8,"Fort Worth, Texas",34,2008,659.7323714
8,"Fort Worth, Texas",35,2009,586.7668524
8,"Fort Worth, Texas",36,2010,580.2705321
8,"Fort Worth, Texas",37,2011,605.0451703
8,"Fort Worth, Texas",38,2012,587.7151179
8,"Fort Worth, Texas",39,2013,562.7126807
8,"Fort Worth, Texas",40,2014,558.0768958
8,"Fort Worth, Texas",41,2015,542.0501996
9,Houston,1,1975,650.2752229
9,Houston,2,1976,544.6851726
9,Houston,3,1977,576.7050579
9,Houston,4,1978,730.0424019
9,Houston,5,1979,877.7237467
9,Houston,6,1980,866.6677367
9,Houston,7,1981,633.455762
9,Houston,8,1982,1059.831258
9,Houston,9,1983,920.8211788
9,Houston,10,1984,839.2481267
9,Houston,11,1985,942.5810608
9,Houston,12,1986,1156.164855
9,Houston,13,1987,1090.287983
9,Houston,14,1988,1148.531286
9,Houston,15,1989,1139.656341
9,Houston,16,1990,1388.302006
9,Houston,17,1991,1599.934204
9,Houston,18,1992,1465.103151
9,Houston,19,1993,1453.842572
9,Houston,20,1994,1307.496633
9,Houston,21,1995,1283.489061
9,Houston,22,1996,1267.166363
9,Houston,23,1997,1174.494968
9,Houston,24,1998,1123.051575
9,Houston,25,1999,1187.290905
9,Houston,26,2000,1100.054207
9,Houston,27,2001,1172.142655
9,Houston,28,2002,1223.081835
9,Houston,29,2003,1175.259581
9,Houston,30,2004,1146.445759
9,Houston,31,2005,1172.538729
9,Houston,32,2006,1169.390986
9,Houston,33,2007,1132.219489
9,Houston,34,2008,1106.751322
9,Houston,35,2009,1125.575091
9,Houston,36,2010,1071.280063
9,Houston,37,2011,974.6094005
9,Houston,38,2012,992.5259717
9,Houston,39,2013,962.7140345
9,Houston,40,2014,991.3812714
9,Houston,41,2015,990.7506218
10,Indianapolis,1,1975,924.6917529
10,Indianapolis,2,1976,837.6286055
10,Indianapolis,3,1977,743.6149312
10,Indianapolis,4,1978,727.2961067
10,Indianapolis,5,1979,813.0350259
10,Indianapolis,6,1980,637.2781226
10,Indianapolis,7,1981,982.8504612
10,Indianapolis,8,1982,938.2760879
10,Indianapolis,9,1983,893.0748401
10,Indianapolis,10,1984,925.7413776
10,Indianapolis,11,1985,979.9514901
10,Indianapolis,12,1986,915.232123
10,Indianapolis,13,1987,949.042497
10,Indianapolis,14,1988,1166.215151
10,Indianapolis,15,1989,1210.397144
10,Indianapolis,16,1990,1287.149803
10,Indianapolis,17,1991,1445.058358
10,Indianapolis,18,1992,1379.553295
10,Indianapolis,19,1993,1665.770949
10,Indianapolis,20,1994,1700.490663
10,Indianapolis,21,1995,1526.045998
10,Indianapolis,22,1996,1970.090112
10,Indianapolis,23,1997,2077.171745
10,Indianapolis,24,1998,1135.201378
10,Indianapolis,25,1999,1016.248916
10,Indianapolis,26,2000,862.0798258
10,Indianapolis,27,2001,930.5343808
10,Indianapolis,28,2002,935.0350856
10,Indianapolis,29,2003,883.190634
10,Indianapolis,30,2004,882.7250936
10,Indianapolis,31,2005,993.1226134
10,Indianapolis,32,2006,959.9622457
10,Indianapolis,33,2007,1234.340272
10,Indianapolis,34,2008,1204.336353
10,Indianapolis,35,2009,1199.67399
10,Indianapolis,36,2010,1160.228437
10,Indianapolis,37,2011,1100.80862
10,Indianapolis,38,2012,1185.476659
10,Indianapolis,39,2013,1232.504528
10,Indianapolis,40,2014,1254.663625
10,Indianapolis,41,2015,1296.14396
11,"Jacksonville, Fla.",1,1975,843.6012321
11,"Jacksonville, Fla.",2,1976,816.9697282
11,"Jacksonville, Fla.",3,1977,788.9191939
11,"Jacksonville, Fla.",4,1978,834.863981
11,"Jacksonville, Fla.",5,1979,897.2967631
11,"Jacksonville, Fla.",6,1980,893.1548743
11,"Jacksonville, Fla.",7,1981,979.5586249
11,"Jacksonville, Fla.",8,1982,954.8918111
11,"Jacksonville, Fla.",9,1983,935.7454772
11,"Jacksonville, Fla.",10,1984,1069.329574
11,"Jacksonville, Fla.",11,1985,1214.794503
11,"Jacksonville, Fla.",12,1986,1297.780978
11,"Jacksonville, Fla.",13,1987,1520.431442
11,"Jacksonville, Fla.",14,1988,NA
11,"Jacksonville, Fla.",15,1989,1443.174893
11,"Jacksonville, Fla.",16,1990,1830.432871
11,"Jacksonville, Fla.",17,1991,1628.883805
11,"Jacksonville, Fla.",18,1992,1739.421207
11,"Jacksonville, Fla.",19,1993,1698.174949
11,"Jacksonville, Fla.",20,1994,1519.884044
11,"Jacksonville, Fla.",21,1995,1412.94681
11,"Jacksonville, Fla.",22,1996,1414.46506
11,"Jacksonville, Fla.",23,1997,1343.259151
11,"Jacksonville, Fla.",24,1998,1153.642156
11,"Jacksonville, Fla.",25,1999,1034.219645
11,"Jacksonville, Fla.",26,2000,1115.66209
11,"Jacksonville, Fla.",27,2001,978.9592661
11,"Jacksonville, Fla.",28,2002,915.5635402
11,"Jacksonville, Fla.",29,2003,866.67345
11,"Jacksonville, Fla.",30,2004,825.9457983
11,"Jacksonville, Fla.",31,2005,829.9183033
11,"Jacksonville, Fla.",32,2006,837.2475252
11,"Jacksonville, Fla.",33,2007,1021.634163
11,"Jacksonville, Fla.",34,2008,996.4271536
11,"Jacksonville, Fla.",35,2009,835.9833297
11,"Jacksonville, Fla.",36,2010,664.3513373
11,"Jacksonville, Fla.",37,2011,621.0234783
11,"Jacksonville, Fla.",38,2012,617.2531107
11,"Jacksonville, Fla.",39,2013,620.2815269
11,"Jacksonville, Fla.",40,2014,683.7449081
11,"Jacksonville, Fla.",41,2015,656.7595888
12,Los Angeles,1,1975,1113.786037
12,Los Angeles,2,1976,1166.806615
12,Los Angeles,3,1977,1209.021492
12,Los Angeles,4,1978,1320.05991
12,Los Angeles,5,1979,1514.696453
12,Los Angeles,6,1980,1742.482924
12,Los Angeles,7,1981,1742.541462
12,Los Angeles,8,1982,1739.437952
12,Los Angeles,9,1983,1691.683382
12,Los Angeles,10,1984,1636.062712
12,Los Angeles,11,1985,1658.015998
12,Los Angeles,12,1986,2035.600468
12,Los Angeles,13,1987,1910.180547
12,Los Angeles,14,1988,1961.472421
12,Los Angeles,15,1989,2246.059727
12,Los Angeles,16,1990,2404.574743
12,Los Angeles,17,1991,2525.773428
12,Los Angeles,18,1992,2459.481849
12,Los Angeles,19,1993,2374.282937
12,Los Angeles,20,1994,2058.990289
12,Los Angeles,21,1995,2034.440488
12,Los Angeles,22,1996,1796.383734
12,Los Angeles,23,1997,1596.528289
12,Los Angeles,24,1998,1358.513176
12,Los Angeles,25,1999,1283.239154
12,Los Angeles,26,2000,1359.768541
12,Los Angeles,27,2001,1388.154493
12,Los Angeles,28,2002,1349.541229
12,Los Angeles,29,2003,1271.843198
12,Los Angeles,30,2004,1107.292978
12,Los Angeles,31,2005,820.6243379
12,Los Angeles,32,2006,786.8631032
12,Los Angeles,33,2007,718.4108873
12,Los Angeles,34,2008,689.5235424
12,Los Angeles,35,2009,625.3936316
12,Los Angeles,36,2010,566.4684133
12,Los Angeles,37,2011,522.3851619
12,Los Angeles,38,2012,481.100209
12,Los Angeles,39,2013,426.0162811
12,Los Angeles,40,2014,490.7120252
12,Los Angeles,41,2015,643.9075533
13,"Memphis, Tenn.",1,1975,839.7745958
13,"Memphis, Tenn.",2,1976,735.5894488
13,"Memphis, Tenn.",3,1977,784.0815409
13,"Memphis, Tenn.",4,1978,792.2566138
13,"Memphis, Tenn.",5,1979,848.1036783
13,"Memphis, Tenn.",6,1980,1069.528666
13,"Memphis, Tenn.",7,1981,1078.740735
13,"Memphis, Tenn.",8,1982,1153.030778
13,"Memphis, Tenn.",9,1983,1137.643766
13,"Memphis, Tenn.",10,1984,1398.881262
13,"Memphis, Tenn.",11,1985,1487.566947
13,"Memphis, Tenn.",12,1986,1586.811156
13,"Memphis, Tenn.",13,1987,1338.901352
13,"Memphis, Tenn.",14,1988,1332.565944
13,"Memphis, Tenn.",15,1989,1233.333487
13,"Memphis, Tenn.",16,1990,1488.030383
13,"Memphis, Tenn.",17,1991,1422.301651
13,"Memphis, Tenn.",18,1992,1552.638484
13,"Memphis, Tenn.",19,1993,1633.814285
13,"Memphis, Tenn.",20,1994,1568.331013
13,"Memphis, Tenn.",21,1995,1769.348391
13,"Memphis, Tenn.",22,1996,1984.560484
13,"Memphis, Tenn.",23,1997,1856.65075
13,"Memphis, Tenn.",24,1998,1498.902758
13,"Memphis, Tenn.",25,1999,1410.508468
13,"Memphis, Tenn.",26,2000,1479.157053
13,"Memphis, Tenn.",27,2001,1662.758539
13,"Memphis, Tenn.",28,2002,1572.366445
13,"Memphis, Tenn.",29,2003,1577.100838
13,"Memphis, Tenn.",30,2004,1546.75829
13,"Memphis, Tenn.",31,2005,1861.152185
13,"Memphis, Tenn.",32,2006,1991.251829
13,"Memphis, Tenn.",33,2007,1952.144445
13,"Memphis, Tenn.",34,2008,1925.314636
13,"Memphis, Tenn.",35,2009,1808.753396
13,"Memphis, Tenn.",36,2010,1607.84926
13,"Memphis, Tenn.",37,2011,1583.821671
13,"Memphis, Tenn.",38,2012,1736.594893
13,"Memphis, Tenn.",39,2013,1655.792766
13,"Memphis, Tenn.",40,2014,1743.719099
13,"Memphis, Tenn.",41,2015,1773.799017
14,New York City,1,1975,1780.827122
14,New York City,2,1976,1781.46371
14,New York City,3,1977,1629.541651
14,New York City,4,1978,1693.868991
14,New York City,5,1979,1862.078763
14,New York City,6,1980,2125.680208
14,New York City,7,1981,2219.752154
14,New York City,8,1982,2028.349232
14,New York City,9,1983,1868.335534
14,New York City,10,1984,1845.817867
14,New York City,11,1985,1881.295949
14,New York City,12,1986,1995.247931
14,New York City,13,1987,2036.058553
14,New York City,14,1988,2217.644894
14,New York City,15,1989,2299.858307
14,New York City,16,1990,2383.618634
14,New York City,17,1991,2318.224038
14,New York City,18,1992,2163.741033
14,New York City,19,1993,2089.800316
14,New York City,20,1994,1860.930092
14,New York City,21,1995,1557.787874
14,New York City,22,1996,1344.216042
14,New York City,23,1997,1268.400953
14,New York City,24,1998,1167.354944
14,New York City,25,1999,1062.622228
14,New York City,26,2000,945.1719833
14,New York City,27,2001,849.7176499
14,New York City,28,2002,789.6280044
14,New York City,29,2003,734.1012039
14,New York City,30,2004,687.3940682
14,New York City,31,2005,673.0542936
14,New York City,32,2006,637.9178643
14,New York City,33,2007,613.7688201
14,New York City,34,2008,580.3422977
14,New York City,35,2009,551.8094653
14,New York City,36,2010,593.127965
14,New York City,37,2011,623.5969252
14,New York City,38,2012,639.2851607
14,New York City,39,2013,623.9067875
14,New York City,40,2014,596.7001411
14,New York City,41,2015,255.5954504
15,Philadelphia,1,1975,867.222832
15,Philadelphia,2,1976,684.1571167
15,Philadelphia,3,1977,634.8190921
15,Philadelphia,4,1978,655.9948831
15,Philadelphia,5,1979,827.2029535
15,Philadelphia,6,1980,1028.982706
15,Philadelphia,7,1981,1044.323271
15,Philadelphia,8,1982,1037.654454
15,Philadelphia,9,1983,1002.91663
15,Philadelphia,10,1984,935.4470194
15,Philadelphia,11,1985,988.2921916
15,Philadelphia,12,1986,1045.926679
15,Philadelphia,13,1987,1054.830832
15,Philadelphia,14,1988,1030.721934
15,Philadelphia,15,1989,1092.732788
15,Philadelphia,16,1990,1348.846508
15,Philadelphia,17,1991,1406.088436
15,Philadelphia,18,1992,1191.228943
15,Philadelphia,19,1993,1255.24676
15,Philadelphia,20,1994,1322.460425
15,Philadelphia,21,1995,1428.900126
15,Philadelphia,22,1996,1320.986677
15,Philadelphia,23,1997,1259.7669
15,Philadelphia,24,1998,1464.448858
15,Philadelphia,25,1999,1604.520608
15,Philadelphia,26,2000,1503.212415
15,Philadelphia,27,2001,1409.732715
15,Philadelphia,28,2002,1315.880978
15,Philadelphia,29,2003,1378.431623
15,Philadelphia,30,2004,1408.277996
15,Philadelphia,31,2005,1467.090769
15,Philadelphia,32,2006,1562.5
15,Philadelphia,33,2007,1475.410179
15,Philadelphia,34,2008,1441.312537
15,Philadelphia,35,2009,1238.235855
15,Philadelphia,36,2010,1214.608593
15,Philadelphia,37,2011,1193.306042
15,Philadelphia,38,2012,1160.071399
15,Philadelphia,39,2013,1099.312173
15,Philadelphia,40,2014,1021.447511
15,Philadelphia,41,2015,1034.724726
16,Phoenix,1,1975,695.9101619
16,Phoenix,2,1976,576.3783529
16,Phoenix,3,1977,629.5807681
16,Phoenix,4,1978,775.1559713
16,Phoenix,5,1979,807.9742027
16,Phoenix,6,1980,908.2863664
16,Phoenix,7,1981,794.8597643
16,Phoenix,8,1982,667.1547588
16,Phoenix,9,1983,624.8406775
16,Phoenix,10,1984,732.1789909
16,Phoenix,11,1985,844.348445
16,Phoenix,12,1986,996.4888815
16,Phoenix,13,1987,876.6825586
16,Phoenix,14,1988,890.7059557
16,Phoenix,15,1989,900.3681732
16,Phoenix,16,1990,1084.499437
16,Phoenix,17,1991,1105.538234
16,Phoenix,18,1992,1090.809081
16,Phoenix,19,1993,1145.983765
16,Phoenix,20,1994,1080.46776
16,Phoenix,21,1995,1067.508147
16,Phoenix,22,1996,923.7642274
16,Phoenix,23,1997,884.9180155
16,Phoenix,24,1998,832.2645493
16,Phoenix,25,1999,831.9730871
16,Phoenix,26,2000,738.354863
16,Phoenix,27,2001,770.7044496
16,Phoenix,28,2002,727.6477681
16,Phoenix,29,2003,692.8311009
16,Phoenix,30,2004,662.3638095
16,Phoenix,31,2005,729.1160857
16,Phoenix,32,2006,737.7542352
16,Phoenix,33,2007,723.7474525
16,Phoenix,34,2008,659.9034706
16,Phoenix,35,2009,546.5141101
16,Phoenix,36,2010,553.4603551
16,Phoenix,37,2011,551.7370269
16,Phoenix,38,2012,636.6841265
16,Phoenix,39,2013,631.8989122
16,Phoenix,40,2014,571.885385
16,Phoenix,41,2015,605.4180404
17,San Antonio,1,1975,549.1575336
17,San Antonio,2,1976,436.2150082
17,San Antonio,3,1977,491.352587
17,San Antonio,4,1978,421.9006342
17,San Antonio,5,1979,493.0421715
17,San Antonio,6,1980,541.2100009
17,San Antonio,7,1981,566.7866209
17,San Antonio,8,1982,694.8767403
17,San Antonio,9,1983,609.1599265
17,San Antonio,10,1984,628.6534355
17,San Antonio,11,1985,625.0014486
17,San Antonio,12,1986,709.2884144
17,San Antonio,13,1987,662.019202
17,San Antonio,14,1988,563.5178561
17,San Antonio,15,1989,553.1272803
17,San Antonio,16,1990,612.2233109
17,San Antonio,17,1991,792.2335379
17,San Antonio,18,1992,733.0205669
17,San Antonio,19,1993,682.425192
17,San Antonio,20,1994,647.1647165
17,San Antonio,21,1995,517.8517852
17,San Antonio,22,1996,464.1318405
17,San Antonio,23,1997,401.7008225
17,San Antonio,24,1998,451.4026732
17,San Antonio,25,1999,560.976063
17,San Antonio,26,2000,690.8686179
17,San Antonio,27,2001,815.4639158
17,San Antonio,28,2002,817.084758
17,San Antonio,29,2003,597.9605686
17,San Antonio,30,2004,635.2378053
17,San Antonio,31,2005,637.2037206
17,San Antonio,32,2006,617.3594321
17,San Antonio,33,2007,556.3900182
17,San Antonio,34,2008,717.7830207
17,San Antonio,35,2009,570.9145113
17,San Antonio,36,2010,635.3740789
17,San Antonio,37,2011,519.2796784
17,San Antonio,38,2012,503.0711031
17,San Antonio,39,2013,630.6953152
17,San Antonio,40,2014,539.3201794
17,San Antonio,41,2015,601.624821
18,San Diego,1,1975,502.0079015
18,San Diego,2,1976,532.4540988
18,San Diego,3,1977,559.7111921
18,San Diego,4,1978,566.9183098
18,San Diego,5,1979,655.4751954
18,San Diego,6,1980,707.4549682
18,San Diego,7,1981,734.209322
18,San Diego,8,1982,634.8512098
18,San Diego,9,1983,582.4713626
18,San Diego,10,1984,622.3942292
18,San Diego,11,1985,632.4093074
18,San Diego,12,1986,842.6144184
18,San Diego,13,1987,875.4375026
18,San Diego,14,1988,854.3353958
18,San Diego,15,1989,921.5037879
18,San Diego,16,1990,1084.77879
18,San Diego,17,1991,1219.919889
18,San Diego,18,1992,1284.191646
18,San Diego,19,1993,1160.000448
18,San Diego,20,1994,1077.957024
18,San Diego,21,1995,956.752242
18,San Diego,22,1996,868.5649335
18,San Diego,23,1997,827.7153146
18,San Diego,24,1998,725.2050214
18,San Diego,25,1999,598.3614698
18,San Diego,26,2000,585.2542096
18,San Diego,27,2001,594.2369051
18,San Diego,28,2002,567.1165439
18,San Diego,29,2003,578.748627
18,San Diego,30,2004,528.6545764
18,San Diego,31,2005,519.0433817
18,San Diego,32,2006,504.4808094
18,San Diego,33,2007,502.063121
18,San Diego,34,2008,475.5220559
18,San Diego,35,2009,451.1044872
18,San Diego,36,2010,429.5541846
18,San Diego,37,2011,387.5712933
18,San Diego,38,2012,413.0814351
18,San Diego,39,2013,393.0168546
18,San Diego,40,2014,380.9482059
18,San Diego,41,2015,407.8352293
19,San Francisco,1,1975,1363.77816
19,San Francisco,2,1976,1617.443609
19,San Francisco,3,1977,1384.370959
19,San Francisco,4,1978,1595.630805
19,San Francisco,5,1979,1674.969962
19,San Francisco,6,1980,1885.337091
19,San Francisco,7,1981,1735.462915
19,San Francisco,8,1982,1639.89281
19,San Francisco,9,1983,1402.863133
19,San Francisco,10,1984,1302.464426
19,San Francisco,11,1985,1295.510569
19,San Francisco,12,1986,1266.547997
19,San Francisco,13,1987,1210.782712
19,San Francisco,14,1988,1282.219631
19,San Francisco,15,1989,1340.144135
19,San Francisco,16,1990,1711.146626
19,San Francisco,17,1991,1645.380014
19,San Francisco,18,1992,1821.317512
19,San Francisco,19,1993,1814.967062
19,San Francisco,20,1994,1461.36295
19,San Francisco,21,1995,1476.628958
19,San Francisco,22,1996,1326.753694
19,San Francisco,23,1997,1133.460349
19,San Francisco,24,1998,989.664968
19,San Francisco,25,1999,866.2613982
19,San Francisco,26,2000,836.7096544
19,San Francisco,27,2001,857.4664294
19,San Francisco,28,2002,752.4193779
19,San Francisco,29,2003,741.5178774
19,San Francisco,30,2004,757.1483245
19,San Francisco,31,2005,798.8819657
19,San Francisco,32,2006,875.6374944
19,San Francisco,33,2007,874.081322
19,San Francisco,34,2008,844.9603079
19,San Francisco,35,2009,735.6546116
19,San Francisco,36,2010,713.7046949
19,San Francisco,37,2011,659.6285017
19,San Francisco,38,2012,704.2004576
19,San Francisco,39,2013,847.1415568
19,San Francisco,40,2014,795.1367409
19,San Francisco,41,2015,789.1388155
20,San Jose,1,1975,385.170569
20,San Jose,2,1976,452.3937601
20,San Jose,3,1977,469.8197968
20,San Jose,4,1978,468.8396092
20,San Jose,5,1979,534.8822218
20,San Jose,6,1980,603.0829191
20,San Jose,7,1981,639.2451882
20,San Jose,8,1982,547.9593213
20,San Jose,9,1983,514.9476197
20,San Jose,10,1984,480.4663805
20,San Jose,11,1985,491.4582572
20,San Jose,12,1986,556.3551816
20,San Jose,13,1987,599.6611326
20,San Jose,14,1988,640.5545189
20,San Jose,15,1989,598.3133764
20,San Jose,16,1990,600.5767992
20,San Jose,17,1991,658.4500252
20,San Jose,18,1992,668.8917867
20,San Jose,19,1993,656.8024824
20,San Jose,20,1994,725.5576613
20,San Jose,21,1995,808.0501188
20,San Jose,22,1996,731.598051
20,San Jose,23,1997,736.5599521
20,San Jose,24,1998,599.2715741
20,San Jose,25,1999,580.9280234
20,San Jose,26,2000,550.6495944
20,San Jose,27,2001,609.0772655
20,San Jose,28,2002,445.5600811
20,San Jose,29,2003,371.253668
20,San Jose,30,2004,371.844985
20,San Jose,31,2005,383.5137415
20,San Jose,32,2006,386.8347984
20,San Jose,33,2007,402.2243789
20,San Jose,34,2008,385.4222982
20,San Jose,35,2009,360.4787796
20,San Jose,36,2010,339.8728463
20,San Jose,37,2011,334.9835225
20,San Jose,38,2012,363.2512988
20,San Jose,39,2013,324.0460297
20,San Jose,40,2014,321.0921491
20,San Jose,41,2015,336.7406869