Day,Month,Year,Series,London,NewYork,Tokyo,Moscow
1,1,2006,13,6,3,3,-6
2,1,2006,13,6,7,6,-4
3,1,2006,13,7,3,6,-11
4,1,2006,13,4,1,3,-18
5,1,2006,13,2,7,3,-14
6,1,2006,13,3,3,2,-13
7,1,2006,13,1,-1,3,-6
8,1,2006,13,4,4,4,-1
9,1,2006,13,6,11,3,-3
10,1,2006,13,7,7,3,-4
11,1,2006,13,8,8,6,-6
12,1,2006,13,3,11,6,-2
13,1,2006,13,7,9,4,-1
14,1,2006,13,8,7,8,-1
15,1,2006,13,8,-4,11,-2
16,1,2006,13,8,-4,9,-12
17,1,2006,13,8,2,8,-24
18,1,2006,13,10,8,6,-30
19,1,2006,13,10,5,4,-29
20,1,2006,13,9,11,3,-27
21,1,2006,13,6,11,3,-23
22,1,2006,13,4,3,3,-21
23,1,2006,13,2,3,2,-19
24,1,2006,13,1,5,4,-19
25,1,2006,13,1,3,6,-11
26,1,2006,13,3,-1,6,-10
27,1,2006,13,3,1,7,-7
28,1,2006,13,2,9,6,-6
29,1,2006,13,6,9,6,-11
30,1,2006,13,6,12,6,-8
31,1,2006,13,3,5,7,-12
1,2,2006,14,1,4,7,-18
2,2,2006,14,-1,7,7,-19
3,2,2006,14,0,12,6,-21
4,2,2006,14,4,9,2,-21
5,2,2006,14,7,8,3,-22
6,2,2006,14,7,3,2,-26
7,2,2006,14,8,3,4,-26
8,2,2006,14,7,0,7,-24
9,2,2006,14,3,-1,4,-21
10,2,2006,14,3,0,6,-17
11,2,2006,14,4,0,7,-18
12,2,2006,14,7,-3,4,-12
13,2,2006,14,10,-2,4,-13
14,2,2006,14,8,2,10,-16
15,2,2006,14,10,8,14,-17
16,2,2006,14,7,10,9,-17
17,2,2006,14,8,7,7,-12
18,2,2006,14,3,-4,3,-13
19,2,2006,14,6,-5,7,-10
20,2,2006,14,6,-2,6,-6
21,2,2006,14,4,2,8,-4
22,2,2006,14,3,4,11,-2
23,2,2006,14,2,6,11,-3
24,2,2006,14,2,2,7,-6
25,2,2006,14,3,4,8,-7
26,2,2006,14,4,-4,8,-8
27,2,2006,14,4,-5,8,-8
28,2,2006,14,3,-2,4,-10
1,3,2006,15,2,1,6,-13
2,3,2006,15,2,0,8,-9
3,3,2006,15,2,-2,6,-9
4,3,2006,15,1,0,7,-10
5,3,2006,15,6,3,8,-10
6,3,2006,15,4,3,12,-8
7,3,2006,15,4,3,10,-11
8,3,2006,15,11,4,12,-10
9,3,2006,15,9,8,9,-12
10,3,2006,15,7,16,8,-12
11,3,2006,15,4,13,11,-7
12,3,2006,15,3,11,13,-3
13,3,2006,15,1,13,6,0
14,3,2006,15,4,11,6,0
15,3,2006,15,6,4,7,-4
16,3,2006,15,2,5,11,-2
17,3,2006,15,3,4,14,-1
18,3,2006,15,3,1,11,-2
19,3,2006,15,7,2,10,0
20,3,2006,15,4,1,8,-4
21,3,2006,15,4,1,11,-8
22,3,2006,15,3,3,10,-7
23,3,2006,15,4,7,10,-7
24,3,2006,15,10,8,11,-6
25,3,2006,15,11,6,10,-7
26,3,2006,15,14,7,12,-4
27,3,2006,15,12,8,12,-5
28,3,2006,15,11,9,13,-6
29,3,2006,15,10,11,10,3
30,3,2006,15,13,13,9,3
31,3,2006,15,13,16,8,3
1,4,2006,16,11,17,10,3
2,4,2006,16,12,13,13,3
3,4,2006,16,10,11,14,3
4,4,2006,16,6,9,13,4
5,4,2006,16,6,4,12,7
6,4,2006,16,8,8,11,3
7,4,2006,16,8,13,10,3
8,4,2006,16,8,9,13,1
9,4,2006,16,7,8,13,2
10,4,2006,16,6,11,10,6
11,4,2006,16,7,13,12,8
12,4,2006,16,9,13,14,6
13,4,2006,16,13,19,14,4
14,4,2006,16,12,16,12,7
15,4,2006,16,9,19,10,6
16,4,2006,16,13,14,9,4
17,4,2006,16,12,12,12,4
18,4,2006,16,11,16,16,8
19,4,2006,16,11,17,17,9
20,4,2006,16,12,21,14,8
21,4,2006,16,14,12,13,7
22,4,2006,16,8,7,12,6
23,4,2006,16,12,12,13,4
24,4,2006,16,11,12,17,3
25,4,2006,16,11,16,11,4
26,4,2006,16,12,9,12,7
27,4,2006,16,13,16,13,7
28,4,2006,16,11,13,14,3
29,4,2006,16,9,13,17,4
30,4,2006,16,11,14,17,4
1,5,2006,17,12,16,22,7
2,5,2006,17,12,16,16,10
3,5,2006,17,15,16,13,12
4,5,2006,17,18,19,14,13
5,5,2006,17,17,22,19,13
6,5,2006,17,13,18,19,17
7,5,2006,17,16,13,18,11
8,5,2006,17,13,14,16,8
9,5,2006,17,15,14,16,8
10,5,2006,17,16,16,18,11
11,5,2006,17,17,14,20,11
12,5,2006,17,17,18,17,9
13,5,2006,17,16,17,13,12
14,5,2006,17,13,13,14,16
15,5,2006,17,14,13,18,12
16,5,2006,17,14,14,18,9
17,5,2006,17,14,17,18,7
18,5,2006,17,16,18,17,11
19,5,2006,17,13,13,19,10
20,5,2006,17,13,16,22,13
21,5,2006,17,13,16,21,13
22,5,2006,17,13,13,19,13
23,5,2006,17,11,13,20,16
24,5,2006,17,12,17,19,16
25,5,2006,17,14,19,17,13
26,5,2006,17,16,19,18,12
27,5,2006,17,16,22,17,12
28,5,2006,17,16,23,20,9
29,5,2006,17,10,24,22,11
30,5,2006,17,10,26,22,11
31,5,2006,17,10,20,22,11
1,6,2006,18,12,23,23,14
2,6,2006,18,14,23,21,13
3,6,2006,18,16,17,18,13
4,6,2006,18,21,17,19,20
5,6,2006,18,14,18,18,21
6,6,2006,18,14,18,20,16
7,6,2006,18,19,16,20,10
8,6,2006,18,20,16,19,10
9,6,2006,18,19,19,18,11
10,6,2006,18,20,16,22,14
11,6,2006,18,27,16,19,13
12,6,2006,18,26,18,21,12
13,6,2006,18,20,22,20,14
14,6,2006,18,16,22,22,17
15,6,2006,18,16,22,22,18
16,6,2006,18,18,23,22,14
17,6,2006,18,21,24,23,18
18,6,2006,18,23,27,20,19
19,6,2006,18,18,27,23,20
20,6,2006,18,19,25,23,21
21,6,2006,18,18,24,22,22
22,6,2006,18,16,26,23,23
23,6,2006,18,17,26,23,24
24,6,2006,18,17,22,23,23
25,6,2006,18,20,22,22,23
26,6,2006,18,14,22,22,22
27,6,2006,18,14,23,23,19
28,6,2006,18,17,24,24,22
29,6,2006,18,18,23,27,23
30,6,2006,18,20,22,26,17
1,7,2006,19,20,23,24,10
2,7,2006,19,27,26,26,14
3,7,2006,19,24,27,26,15
4,7,2006,19,23,28,26,13
5,7,2006,19,21,23,23,18
6,7,2006,19,21,20,24,16
7,7,2006,19,20,22,26,18
8,7,2006,19,18,24,26,20
9,7,2006,19,21,24,24,23
10,7,2006,19,19,24,26,22
11,7,2006,19,21,27,27,22
12,7,2006,19,21,24,28,23
13,7,2006,19,19,26,27,24
14,7,2006,19,16,24,28,24
15,7,2006,19,17,25,29,22
16,7,2006,19,24,28,28,19
17,7,2006,19,23,30,23,17
18,7,2006,19,23,28,21,16
19,7,2006,19,24,26,21,16
20,7,2006,19,26,24,22,14
21,7,2006,19,26,24,20,13
22,7,2006,19,26,24,23,13
23,7,2006,19,23,22,23,17
24,7,2006,19,20,24,18,17
25,7,2006,19,24,24,23,18
26,7,2006,19,26,25,26,19
27,7,2006,19,24,27,26,13
28,7,2006,19,23,28,26,11
29,7,2006,19,22,28,27,11
30,7,2006,19,23,28,24,13
31,7,2006,19,20,28,23,14
1,8,2006,20,19,31,22,16
2,8,2006,20,18,32,23,13
3,8,2006,20,17,31,27,16
4,8,2006,20,17,28,28,19
5,8,2006,20,18,27,28,16
6,8,2006,20,27,26,28,18
7,8,2006,20,21,27,29,17
8,8,2006,20,19,27,26,16
9,8,2006,20,18,24,26,16
10,8,2006,20,18,24,28,13
11,8,2006,20,17,22,27,16
12,8,2006,20,16,21,24,14
13,8,2006,20,18,21,26,17
14,8,2006,20,16,24,28,19
15,8,2006,20,17,24,27,21
16,8,2006,20,18,24,27,19
17,8,2006,20,18,26,28,18
18,8,2006,20,18,24,28,19
19,8,2006,20,17,24,29,21
20,8,2006,20,19,27,28,19
21,8,2006,20,18,26,28,20
22,8,2006,20,17,26,27,17
23,8,2006,20,18,26,28,17
24,8,2006,20,18,24,28,18
25,8,2006,20,17,22,26,16
26,8,2006,20,17,19,24,18
27,8,2006,20,20,20,24,18
28,8,2006,20,17,23,26,19
29,8,2006,20,16,20,28,16
30,8,2006,20,16,20,26,18
31,8,2006,20,19,19,27,13
1,9,2006,21,20,18,22,13
2,9,2006,21,17,17,24,16
3,9,2006,21,23,21,26,17
4,9,2006,21,20,20,26,17
5,9,2006,21,22,18,28,14
6,9,2006,21,22,20,24,14
7,9,2006,21,18,22,24,16
8,9,2006,21,16,23,26,16
9,9,2006,21,16,24,27,14
10,9,2006,21,22,20,28,11
11,9,2006,21,21,17,26,13
12,9,2006,21,19,16,22,13
13,9,2006,21,20,17,19,14
14,9,2006,21,19,19,19,14
15,9,2006,21,18,19,21,11
16,9,2006,21,17,22,21,7
17,9,2006,21,21,22,21,10
18,9,2006,21,18,23,23,10
19,9,2006,21,17,23,27,11
20,9,2006,21,18,18,24,14
21,9,2006,21,22,16,23,13
22,9,2006,21,18,16,22,12
23,9,2006,21,17,21,21,13
24,9,2006,21,20,23,21,16
25,9,2006,21,17,19,21,16
26,9,2006,21,17,18,19,9
27,9,2006,21,17,18,20,10
28,9,2006,21,18,21,22,12
29,9,2006,21,18,16,22,12
30,9,2006,21,16,14,21,12
1,10,2006,22,17,17,21,10
2,10,2006,22,16,16,18,10
3,10,2006,22,13,20,22,13
4,10,2006,22,13,22,22,12
5,10,2006,22,13,15,20,13
6,10,2006,22,17,13,18,10
7,10,2006,22,13,14,21,10
8,10,2006,22,16,16,21,11
9,10,2006,22,18,19,20,11
10,10,2006,22,18,19,20,9
11,10,2006,22,17,16,22,6
12,10,2006,22,14,15,22,3
13,10,2006,22,14,9,20,7
14,10,2006,22,13,11,19,4
15,10,2006,22,16,10,18,1
16,10,2006,22,14,11,20,-1
17,10,2006,22,14,14,21,-1
18,10,2006,22,16,19,20,1
19,10,2006,22,16,17,19,4
20,10,2006,22,16,14,20,3
21,10,2006,22,16,11,19,2
22,10,2006,22,14,12,19,8
23,10,2006,22,12,10,17,10
24,10,2006,22,13,8,13,11
25,10,2006,22,12,9,17,12
26,10,2006,22,16,7,18,8
27,10,2006,22,11,7,18,6
28,10,2006,22,16,14,18,7
29,10,2006,22,14,9,18,2
30,10,2006,22,14,11,18,-2
31,10,2006,22,12,16,18,-4
1,11,2006,23,8,17,18,2
2,11,2006,23,6,11,17,1
3,11,2006,23,7,6,17,-1
4,11,2006,23,6,5,18,-4
5,11,2006,23,11,7,18,-4
6,11,2006,23,9,9,18,-6
7,11,2006,23,7,12,18,-4
8,11,2006,23,11,14,14,0
9,11,2006,23,9,17,16,-1
10,11,2006,23,7,13,17,-1
11,11,2006,23,10,14,16,-4
12,11,2006,23,11,13,12,-3
13,11,2006,23,14,14,12,0
14,11,2006,23,13,14,16,1
15,11,2006,23,14,16,14,-1
16,11,2006,23,11,18,13,-2
17,11,2006,23,10,13,11,-3
18,11,2006,23,8,9,11,-2
19,11,2006,23,10,7,11,-1
20,11,2006,23,12,6,13,0
21,11,2006,23,7,5,14,1
22,11,2006,23,9,6,13,2
23,11,2006,23,12,6,12,0
24,11,2006,23,11,10,11,1
25,11,2006,23,13,8,9,3
26,11,2006,23,13,11,10,4
27,11,2006,23,13,13,13,6
28,11,2006,23,12,13,13,4
29,11,2006,23,10,13,13,4
30,11,2006,23,9,18,11,4
1,12,2006,24,12,16,9,3
2,12,2006,24,10,7,11,3
3,12,2006,24,10,5,9,3
4,12,2006,24,12,2,8,3
5,12,2006,24,12,1,9,2
6,12,2006,24,9,4,8,3
7,12,2006,24,9,4,9,6
8,12,2006,24,8,-4,11,4
9,12,2006,24,6,-1,8,6
10,12,2006,24,9,7,10,4
11,12,2006,24,11,11,10,4
12,12,2006,24,9,8,7,1
13,12,2006,24,12,11,9,2
14,12,2006,24,13,11,12,2
15,12,2006,24,11,9,11,6
16,12,2006,24,6,8,13,4
17,12,2006,24,7,9,12,3
18,12,2006,24,4,11,9,0
19,12,2006,24,3,5,7,-3
20,12,2006,24,2,4,8,-8
21,12,2006,24,1,8,9,-9
22,12,2006,24,0,7,9,-1
23,12,2006,24,3,12,8,1
24,12,2006,24,7,9,9,-2
25,12,2006,24,,6,9,-6
26,12,2006,24,6,9,9,-9
27,12,2006,24,6,5,16,-3
28,12,2006,24,10,6,11,-1
29,12,2006,24,8,6,7,-6
30,12,2006,24,13,5,7,-4
31,12,2006,24,12,4,7,-2
1,1,2007,25,8,11,4,0
2,1,2007,25,8,8,8,2
3,1,2007,25,10,7,9,2
4,1,2007,25,10,10,7,-1
5,1,2007,25,10,14,7,0
6,1,2007,25,8,17,7,1
7,1,2007,25,11,9,8,1
8,1,2007,25,10,8,7,0
9,1,2007,25,13,4,7,0
10,1,2007,25,9,1,8,4
11,1,2007,25,11,0,8,6
12,1,2007,25,12,6,7,2
13,1,2007,25,11,11,7,2
14,1,2007,25,8,7,7,0
15,1,2007,25,9,9,7,1
16,1,2007,25,11,4,7,0
17,1,2007,25,10,-4,7,0
18,1,2007,25,12,-1,8,1
19,1,2007,25,12,2,7,4
20,1,2007,25,11,-3,6,0
21,1,2007,25,7,-4,7,-2
22,1,2007,25,4,-1,7,-1
23,1,2007,25,2,0,8,-4
24,1,2007,25,2,2,7,-12
25,1,2007,25,3,-4,8,-11
26,1,2007,25,4,-9,8,-15
27,1,2007,25,6,-1,10,-8
28,1,2007,25,9,2,8,-9
29,1,2007,25,9,-3,7,-11
30,1,2007,25,8,-2,8,-13
31,1,2007,25,7,-2,10,-12
1,2,2007,26,11,-1,9,-13
2,2,2007,26,9,2,7,-17
3,2,2007,26,4,-2,7,-12
4,2,2007,26,7,-5,8,-7
5,2,2007,26,3,-11,8,-4
6,2,2007,26,2,-8,10,-8
7,2,2007,26,1,-7,10,-16
8,2,2007,26,2,-6,9,-19
9,2,2007,26,3,-4,9,-17
10,2,2007,26,6,-2,10,-12
11,2,2007,26,10,-3,9,-13
12,2,2007,26,8,1,7,-15
13,2,2007,26,9,-3,8,-11
14,2,2007,26,8,-5,13,-2
15,2,2007,26,7,-7,10,-6
16,2,2007,26,9,-6,8,-13
17,2,2007,26,8,-3,7,-14
18,2,2007,26,7,-3,7,-8
19,2,2007,26,9,-6,9,-9
20,2,2007,26,10,3,7,-17
21,2,2007,26,10,7,9,-17
22,2,2007,26,10,5,10,-21
23,2,2007,26,10,-1,11,-18
24,2,2007,26,10,-1,7,-12
25,2,2007,26,9,-1,3,-14
26,2,2007,26,8,1,6,-14
27,2,2007,26,9,4,9,-10
28,2,2007,26,10,5,10,-7
1,3,2007,27,8,4,8,-4
2,3,2007,27,7,8,8,0
3,3,2007,27,8,10,11,2
4,3,2007,27,11,3,13,1
5,3,2007,27,9,-1,16,0
6,3,2007,27,12,-9,12,1
7,3,2007,27,9,-8,8,0
8,3,2007,27,10,-3,7,3
9,3,2007,27,10,-4,7,3
10,3,2007,27,9,7,9,2
11,3,2007,27,13,7,9,2
12,3,2007,27,13,8,8,2
13,3,2007,27,11,10,8,3
14,3,2007,27,10,14,8,3
15,3,2007,27,10,11,7,3
16,3,2007,27,10,-1,7,3
17,3,2007,27,12,0,7,2
18,3,2007,27,7,1,7,3
19,3,2007,27,6,3,8,3
20,3,2007,27,3,6,8,9
21,3,2007,27,3,1,9,9
22,3,2007,27,4,12,12,9
23,3,2007,27,7,13,12,6
24,3,2007,27,6,9,12,4
25,3,2007,27,10,8,16,4
26,3,2007,27,9,8,14,6
27,3,2007,27,11,18,14,6
28,3,2007,27,11,13,15,8
29,3,2007,27,8,9,17,8
30,3,2007,27,8,12,14,7
31,3,2007,27,10,11,13,10
1,4,2007,28,13,8,17,3
2,4,2007,28,11,9,13,3
3,4,2007,28,7,12,10,9
4,4,2007,28,8,5,8,6
5,4,2007,28,11,4,9,3
6,4,2007,28,12,3,11,2
7,4,2007,28,9,3,12,1
8,4,2007,28,17,2,13,0
9,4,2007,28,13,5,12,-1
10,4,2007,28,16,6,13,-1
11,4,2007,28,14,6,12,0
12,4,2007,28,12,6,13,6
13,4,2007,28,14,8,15,3
14,4,2007,28,11,9,19,2
15,4,2007,28,22,9,14,4
16,4,2007,28,17,6,11,4
17,4,2007,28,13,8,9,7
18,4,2007,28,11,8,9,12
19,4,2007,28,14,12,10,9
20,4,2007,28,11,14,13,7
21,4,2007,28,11,17,18,3
22,4,2007,28,20,19,19,4
23,4,2007,28,14,22,16,4
24,4,2007,28,17,19,13,4
25,4,2007,28,17,14,13,6
26,4,2007,28,13,12,16,10
27,4,2007,28,14,11,13,14
28,4,2007,28,13,17,17,9
29,4,2007,28,17,16,16,1
30,4,2007,28,13,19,18,2
1,5,2007,29,16,16,17,4
2,5,2007,29,14,15,19,4
3,5,2007,29,11,17,19,3
4,5,2007,29,13,16,19,5
5,5,2007,29,10,17,21,3
6,5,2007,29,18,13,18,4
7,5,2007,29,17,13,18,10
8,5,2007,29,14,16,20,12
9,5,2007,29,13,21,22,11
10,5,2007,29,13,21,19,10
11,5,2007,29,13,21,18,8
12,5,2007,29,13,18,17,7
13,5,2007,29,14,15,20,10
14,5,2007,29,11,16,18,12
15,5,2007,29,12,21,18,13
16,5,2007,29,13,22,18,22
17,5,2007,29,16,17,18,17
18,5,2007,29,18,11,19,19
19,5,2007,29,13,12,18,20
20,5,2007,29,17,17,19,19
21,5,2007,29,13,17,17,20
22,5,2007,29,17,18,20,22
23,5,2007,29,19,18,22,22
24,5,2007,29,20,22,22,18
25,5,2007,29,19,25,19,16
26,5,2007,29,12,26,22,20
27,5,2007,29,11,24,22,23
28,5,2007,29,8,24,16,24
29,5,2007,29,11,22,17,26
30,5,2007,29,13,23,18,26
31,5,2007,29,14,26,18,24
1,6,2007,30,16,24,18,18
2,6,2007,30,17,27,20,14
3,6,2007,30,18,22,22,13
4,6,2007,30,16,18,21,14
5,6,2007,30,16,23,21,16
6,6,2007,30,13,18,21,13
7,6,2007,30,16,18,22,15
8,6,2007,30,17,24,22,14
9,6,2007,30,20,23,21,15
10,6,2007,30,20,19,19,14
11,6,2007,30,18,23,20,11
12,6,2007,30,20,23,22,13
13,6,2007,30,19,17,23,20
14,6,2007,30,19,16,22,22
15,6,2007,30,18,19,23,22
16,6,2007,30,17,22,24,16
17,6,2007,30,19,24,22,20
18,6,2007,30,17,24,23,21
19,6,2007,30,18,23,26,17
20,6,2007,30,18,23,24,16
21,6,2007,30,18,21,26,15
22,6,2007,30,18,20,24,15
23,6,2007,30,18,18,26,14
24,6,2007,30,14,21,22,14
25,6,2007,30,14,23,20,14
26,6,2007,30,13,28,22,18
27,6,2007,30,14,27,26,19
28,6,2007,30,14,26,26,19
29,6,2007,30,18,22,27,16
30,6,2007,30,17,22,23,17
1,7,2007,31,17,20,23,18
2,7,2007,31,17,19,23,16
3,7,2007,31,17,21,23,16
4,7,2007,31,17,20,22,18
5,7,2007,31,17,23,24,19
6,7,2007,31,18,24,24,22
7,7,2007,31,17,24,23,18
8,7,2007,31,19,27,23,17
9,7,2007,31,17,29,23,17
10,7,2007,31,16,28,23,18
11,7,2007,31,17,26,24,19
12,7,2007,31,19,23,23,23
13,7,2007,31,20,24,24,23
14,7,2007,31,19,24,22,18
15,7,2007,31,22,27,23,18
16,7,2007,31,21,25,23,18
17,7,2007,31,18,26,19,18
18,7,2007,31,19,23,20,20
19,7,2007,31,19,25,22,22
20,7,2007,31,18,23,24,17
21,7,2007,31,16,23,24,16
22,7,2007,31,19,24,23,15
23,7,2007,31,17,19,24,16
24,7,2007,31,18,21,26,18
25,7,2007,31,18,24,26,18
26,7,2007,31,18,26,28,18
27,7,2007,31,18,26,28,18
28,7,2007,31,18,26,28,18
29,7,2007,31,18,24,27,18
30,7,2007,31,17,26,21,20
31,7,2007,31,17,27,23,17
1,8,2007,32,18,27,26,16
2,8,2007,32,18,29,28,16
3,8,2007,32,19,26,28,18
4,8,2007,32,20,26,29,18
5,8,2007,32,26,26,28,20
6,8,2007,32,20,26,28,20
7,8,2007,32,17,28,28,23
8,8,2007,32,17,28,29,21
9,8,2007,32,17,26,29,17
10,8,2007,32,18,18,30,18
11,8,2007,32,19,21,30,20
12,8,2007,32,19,25,29,21
13,8,2007,32,17,25,29,23
14,8,2007,32,18,23,30,23
15,8,2007,32,20,24,30,23
16,8,2007,32,16,26,31,23
17,8,2007,32,16,23,30,23
18,8,2007,32,17,19,26,23
19,8,2007,32,17,19,27,18
20,8,2007,32,14,18,31,21
21,8,2007,32,16,14,29,26
22,8,2007,32,16,16,31,24
23,8,2007,32,16,21,26,24
24,8,2007,32,17,24,28,24
25,8,2007,32,17,27,29,22
26,8,2007,32,19,24,30,18
27,8,2007,32,17,24,29,16
28,8,2007,32,17,24,28,14
29,8,2007,32,17,24,24,12
30,8,2007,32,16,26,26,12
31,8,2007,32,17,23,24,11
1,9,2007,33,18,22,22,10
2,9,2007,33,20,20,24,11
3,9,2007,33,16,23,24,13
4,9,2007,33,14,24,27,16
5,9,2007,33,18,22,27,16
6,9,2007,33,19,23,27,14
7,9,2007,33,19,26,27,17
8,9,2007,33,16,27,28,9
9,9,2007,33,19,26,28,9
10,9,2007,33,18,24,27,8
11,9,2007,33,16,22,26,9
12,9,2007,33,16,21,21,8
13,9,2007,33,17,19,22,13
14,9,2007,33,17,21,26,9
15,9,2007,33,14,17,27,9
16,9,2007,33,18,14,28,10
17,9,2007,33,14,16,28,9
18,9,2007,33,11,17,24,11
19,9,2007,33,14,19,23,14
20,9,2007,33,17,22,27,10
21,9,2007,33,17,23,27,9
22,9,2007,33,16,21,27,10
23,9,2007,33,19,21,23,10
24,9,2007,33,14,21,22,11
25,9,2007,33,13,23,24,12
26,9,2007,33,10,26,23,14
27,9,2007,33,11,25,23,13
28,9,2007,33,12,21,27,14
29,9,2007,33,14,19,20,17
30,9,2007,33,12,18,17,16
1,10,2007,34,13,18,18,14
2,10,2007,34,13,19,20,13
3,10,2007,34,14,22,21,13
4,10,2007,34,14,25,21,12
5,10,2007,34,12,24,22,10
6,10,2007,34,13,24,20,9
7,10,2007,34,13,24,19,10
8,10,2007,34,13,25,22,10
9,10,2007,34,13,21,19,7
10,10,2007,34,13,18,20,7
11,10,2007,34,12,17,20,2
12,10,2007,34,14,12,22,1
13,10,2007,34,14,12,19,7
14,10,2007,34,14,14,18,2
15,10,2007,34,13,14,18,0
16,10,2007,34,16,17,17,-1
17,10,2007,34,12,19,18,4
18,10,2007,34,9,21,18,9
19,10,2007,34,9,21,18,8
20,10,2007,34,9,18,17,7
21,10,2007,34,9,18,17,7
22,10,2007,34,8,20,18,6
23,10,2007,34,8,22,19,7
24,10,2007,34,9,16,17,8
25,10,2007,34,9,12,17,6
26,10,2007,34,10,13,17,4
27,10,2007,34,12,17,17,3
28,10,2007,34,14,10,18,3
29,10,2007,34,10,8,22,3
30,10,2007,34,10,12,18,2
31,10,2007,34,11,14,18,4
1,11,2007,35,13,14,18,7
2,11,2007,35,13,10,17,3
3,11,2007,35,12,9,16,1
4,11,2007,35,10,11,16,-1
5,11,2007,35,9,11,17,-3
6,11,2007,35,9,10,16,-4
7,11,2007,35,11,7,14,-4
8,11,2007,35,10,5,16,-3
9,11,2007,35,8,6,16,-4
10,11,2007,35,11,6,14,-2
11,11,2007,35,8,4,14,-2
12,11,2007,35,6,7,14,-4
13,11,2007,35,7,12,16,-4
14,11,2007,35,7,11,16,-4
15,11,2007,35,4,12,16,-6
16,11,2007,35,4,6,13,-7
17,11,2007,35,4,5,10,-6
18,11,2007,35,4,6,13,-9
19,11,2007,35,7,4,10,-9
20,11,2007,35,8,7,11,-2
21,11,2007,35,10,11,10,-8
22,11,2007,35,9,12,9,-8
23,11,2007,35,4,2,9,-2
24,11,2007,35,4,1,8,0
25,11,2007,35,8,6,11,1
26,11,2007,35,7,11,12,2
27,11,2007,35,8,12,12,0
28,11,2007,35,10,4,11,-3
29,11,2007,35,8,8,10,-4
30,11,2007,35,10,4,10,-3
1,12,2007,36,9,0,11,-7
2,12,2007,36,10,-2,11,-9
3,12,2007,36,9,4,12,-8
4,12,2007,36,10,-1,10,-2
5,12,2007,36,12,-1,7,1
6,12,2007,36,12,-3,9,0
7,12,2007,36,10,0,10,-1
8,12,2007,36,8,4,11,-3
9,12,2007,36,8,3,10,0
10,12,2007,36,6,4,9,1
11,12,2007,36,4,4,9,-3
12,12,2007,36,3,6,10,-4
13,12,2007,36,3,1,9,-6
14,12,2007,36,4,3,10,-4
15,12,2007,36,3,1,8,-4
16,12,2007,36,3,1,7,-2
17,12,2007,36,3,-1,8,-2
18,12,2007,36,4,1,7,-2
19,12,2007,36,2,4,7,0
20,12,2007,36,1,4,8,0
21,12,2007,36,1,3,9,0
22,12,2007,36,4,3,7,0
23,12,2007,36,3,11,8,-5
24,12,2007,36,7,7,10,-3
25,12,2007,36,8,4,8,-2
26,12,2007,36,8,2,7,-3
27,12,2007,36,11,4,6,-3
28,12,2007,36,10,7,8,-4
29,12,2007,36,8,8,10,-2
30,12,2007,36,8,4,9,-2
31,12,2007,36,8,4,6,-4
1,1,2008,37,8,6,6,-9
2,1,2008,37,4,-2,6,-9
3,1,2008,37,2,-9,6,-14
4,1,2008,37,6,-3,7,-17
5,1,2008,37,7,3,6,-18
6,1,2008,37,7,6,7,-16
7,1,2008,37,8,12,8,-17
8,1,2008,37,8,15,8,-15
9,1,2008,37,8,13,10,-14
10,1,2008,37,10,8,9,-8
11,1,2008,37,8,9,8,-6
12,1,2008,37,6,8,8,-3
13,1,2008,37,9,5,6,-1
14,1,2008,37,9,3,3,0
15,1,2008,37,9,2,4,-2
16,1,2008,37,7,1,7,-3
17,1,2008,37,8,2,4,-3
18,1,2008,37,11,6,4,-3
19,1,2008,37,14,2,4,-6
20,1,2008,37,14,-3,4,-3
21,1,2008,37,10,-6,4,-1
22,1,2008,37,6,-1,3,-3
23,1,2008,37,11,2,3,-2
24,1,2008,37,9,-2,6,-6
25,1,2008,37,8,-3,3,-3
26,1,2008,37,9,-1,4,-1
27,1,2008,37,8,2,4,-3
28,1,2008,37,6,2,4,-4
29,1,2008,37,8,3,4,-8
30,1,2008,37,7,5,7,-8
31,1,2008,37,8,1,7,-1
1,2,2008,38,6,6,6,0
2,2,2008,38,3,4,4,0
3,2,2008,38,7,5,3,-1
4,2,2008,38,7,3,4,-1
5,2,2008,38,10,7,4,-4
6,2,2008,38,8,13,3,-2
7,2,2008,38,8,7,4,2
8,2,2008,38,9,4,4,1
9,2,2008,38,9,5,3,0
10,2,2008,38,8,-1,7,1
11,2,2008,38,6,-8,6,-3
12,2,2008,38,7,-4,7,-4
13,2,2008,38,7,6,3,-6
14,2,2008,38,4,1,4,-4
15,2,2008,38,4,4,4,-7
16,2,2008,38,2,-2,4,-12
17,2,2008,38,3,6,3,-14
18,2,2008,38,3,11,4,-6
19,2,2008,38,4,2,6,-6
20,2,2008,38,3,-2,6,-10
21,2,2008,38,8,-3,8,-9
22,2,2008,38,11,-1,7,0
23,2,2008,38,9,-1,8,3
24,2,2008,38,10,0,4,-1
25,2,2008,38,8,4,3,2
26,2,2008,38,10,6,10,1
27,2,2008,38,8,1,6,1
28,2,2008,38,7,-5,6,2
29,2,2008,38,8,-3,8,0
1,3,2008,39,11,4,10,1
2,3,2008,39,10,2,8,2
3,3,2008,39,7,8,8,0
4,3,2008,39,4,12,8,0
5,3,2008,39,5,8,7,-2
6,3,2008,39,10,6,7,-2
7,3,2008,39,9,5,8,0
8,3,2008,39,8,8,7,0
9,3,2008,39,8,2,10,1
10,3,2008,39,7,2,9,-1
11,3,2008,39,11,6,12,0
12,3,2008,39,9,5,10,2
13,3,2008,39,9,3,10,4
14,3,2008,39,10,9,13,4
15,3,2008,39,12,9,13,1
16,3,2008,39,8,5,14,1
17,3,2008,39,6,4,12,1
18,3,2008,39,4,4,12,0
19,3,2008,39,6,8,12,1
20,3,2008,39,7,8,9,-1
21,3,2008,39,8,4,11,-2
22,3,2008,39,3,6,11,-3
23,3,2008,39,2,4,12,1
24,3,2008,39,3,6,10,2
25,3,2008,39,4,4,11,7
26,3,2008,39,8,11,14,6
27,3,2008,39,8,8,11,1
28,3,2008,39,9,6,12,2
29,3,2008,39,9,4,12,2
30,3,2008,39,11,4,9,3
31,3,2008,39,9,8,8,3
1,4,2008,40,12,16,12,3
2,4,2008,40,11,8,12,6
3,4,2008,40,12,6,13,8
4,4,2008,40,12,9,13,9
5,4,2008,40,9,13,14,11
6,4,2008,40,2,8,13,11
7,4,2008,40,4,8,13,10
8,4,2008,40,6,10,12,13
9,4,2008,40,7,9,13,10
10,4,2008,40,8,17,10,12
11,4,2008,40,9,13,14,16
12,4,2008,40,9,17,14,11
13,4,2008,40,9,10,11,13
14,4,2008,40,8,9,12,9
15,4,2008,40,7,11,15,3
16,4,2008,40,8,14,17,3
17,4,2008,40,7,16,17,3
18,4,2008,40,7,20,13,7
19,4,2008,40,8,17,14,8
20,4,2008,40,11,14,14,4
21,4,2008,40,11,13,14,4
22,4,2008,40,11,16,14,6
23,4,2008,40,12,19,16,5
24,4,2008,40,12,22,18,6
25,4,2008,40,12,18,14,9
26,4,2008,40,15,14,13,9
27,4,2008,40,14,11,13,10
28,4,2008,40,12,12,16,11
29,4,2008,40,10,11,17,12
30,4,2008,40,8,10,20,13
1,5,2008,41,11,11,20,13
2,5,2008,41,11,11,18,14
3,5,2008,41,13,12,18,10
4,5,2008,41,17,16,18,11
5,5,2008,41,17,17,19,13
6,5,2008,41,16,18,19,8
7,5,2008,41,17,19,20,3
8,5,2008,41,17,20,19,4
9,5,2008,41,18,13,19,7
10,5,2008,41,20,14,13,9
11,5,2008,41,20,13,12,10
12,5,2008,41,18,10,12,13
13,5,2008,41,16,16,11,11
14,5,2008,41,16,17,12,6
15,5,2008,41,12,18,17,6
16,5,2008,41,11,13,17,6
17,5,2008,41,11,16,18,12
18,5,2008,41,11,15,18,14
19,5,2008,41,9,12,19,20
20,5,2008,41,10,11,20,18
21,5,2008,41,12,14,20,13
22,5,2008,41,14,12,21,11
23,5,2008,41,16,15,23,8
24,5,2008,41,17,17,21,7
25,5,2008,41,16,18,21,6
26,5,2008,41,12,21,23,11
27,5,2008,41,14,22,22,11
28,5,2008,41,14,16,21,14
29,5,2008,41,14,17,16,15
30,5,2008,41,16,21,16,13
31,5,2008,41,17,21,14,10
1,6,2008,42,14,23,18,10
2,6,2008,42,14,21,18,11
3,6,2008,42,13,23,16,13
4,6,2008,42,16,18,18,13
5,6,2008,42,17,20,18,12
6,6,2008,42,14,19,22,13
7,6,2008,42,14,26,22,10
8,6,2008,42,18,29,21,7
9,6,2008,42,20,30,21,14
10,6,2008,42,19,28,21,12
11,6,2008,42,17,26,22,17
12,6,2008,42,13,25,18,17
13,6,2008,42,13,24,20,17
14,6,2008,42,16,26,23,18
15,6,2008,42,14,23,22,19
16,6,2008,42,14,21,22,17
17,6,2008,42,16,20,22,18
18,6,2008,42,16,18,22,16
19,6,2008,42,18,18,23,14
20,6,2008,42,16,21,22,17
21,6,2008,42,17,22,23,20
22,6,2008,42,18,23,21,16
23,6,2008,42,17,23,21,16
24,6,2008,42,16,22,22,16
25,6,2008,42,19,23,21,14
26,6,2008,42,17,24,17,14
27,6,2008,42,18,26,20,15
28,6,2008,42,19,27,23,16
29,6,2008,42,19,26,21,16
30,6,2008,42,17,25,21,17
1,7,2008,43,19,26,21,18
2,7,2008,43,19,24,23,19
3,7,2008,43,18,27,23,20
4,7,2008,43,17,23,26,18
5,7,2008,43,18,22,26,18
6,7,2008,43,17,23,27,14
7,7,2008,43,16,24,24,14
8,7,2008,43,16,27,23,20
9,7,2008,43,16,27,23,18
10,7,2008,43,18,26,24,17
11,7,2008,43,17,25,26,17
12,7,2008,43,14,26,28,20
13,7,2008,43,16,26,27,21
14,7,2008,43,18,23,28,24
15,7,2008,43,22,27,27,24
16,7,2008,43,18,27,27,24
17,7,2008,43,17,28,28,23
18,7,2008,43,18,29,28,21
19,7,2008,43,18,31,28,22
20,7,2008,43,16,29,27,21
21,7,2008,43,16,28,27,20
22,7,2008,43,18,27,28,20
23,7,2008,43,21,24,28,19
24,7,2008,43,21,24,29,20
25,7,2008,43,21,24,28,20
26,7,2008,43,22,26,28,19
27,7,2008,43,24,24,28,17
28,7,2008,43,23,24,28,12
29,7,2008,43,19,27,29,13
30,7,2008,43,21,27,27,14
31,7,2008,43,23,28,27,14
1,8,2008,44,19,28,28,16
2,8,2008,44,20,23,28,18
3,8,2008,44,18,23,29,16
4,8,2008,44,18,25,30,14
5,8,2008,44,18,26,29,12
6,8,2008,44,22,26,29,10
7,8,2008,44,20,24,30,9
8,8,2008,44,17,22,31,12
9,8,2008,44,17,22,29,18
10,8,2008,44,18,23,27,17
11,8,2008,44,18,19,28,19
12,8,2008,44,18,22,29,18
13,8,2008,44,17,23,30,20
14,8,2008,44,17,24,31,23
15,8,2008,44,16,22,31,21
16,8,2008,44,17,22,30,23
17,8,2008,44,18,23,23,26
18,8,2008,44,18,26,26,26
19,8,2008,44,18,23,29,19
20,8,2008,44,18,20,28,18
21,8,2008,44,18,22,26,20
22,8,2008,44,18,24,23,18
23,8,2008,44,17,23,21,18
24,8,2008,44,18,24,22,20
25,8,2008,44,18,24,24,20
26,8,2008,44,18,22,23,14
27,8,2008,44,18,21,23,13
28,8,2008,44,18,23,26,14
29,8,2008,44,20,23,27,14
30,8,2008,44,20,24,26,11
31,8,2008,44,19,24,27,10
1,9,2008,45,17,23,27,8
2,9,2008,45,16,26,28,9
3,9,2008,45,16,24,28,16
4,9,2008,45,16,27,27,18
5,9,2008,45,16,26,26,21
6,9,2008,45,17,24,27,20
7,9,2008,45,16,23,27,22
8,9,2008,45,16,23,27,22
9,9,2008,45,17,21,26,16
10,9,2008,45,17,19,24,9
11,9,2008,45,17,19,23,7
12,9,2008,45,16,19,26,7
13,9,2008,45,14,23,26,9
14,9,2008,45,14,26,26,8
15,9,2008,45,13,23,24,7
16,9,2008,45,13,19,23,6
17,9,2008,45,14,19,24,7
18,9,2008,45,14,19,23,7
19,9,2008,45,14,15,24,9
20,9,2008,45,13,16,24,8
21,9,2008,45,16,20,23,12
22,9,2008,45,14,19,21,8
23,9,2008,45,14,17,23,8
24,9,2008,45,14,17,24,8
25,9,2008,45,16,16,24,8
26,9,2008,45,14,17,26,7
27,9,2008,45,15,19,20,6
28,9,2008,45,14,20,18,7
29,9,2008,45,13,19,17,9
30,9,2008,45,14,18,17,8
1,10,2008,46,13,18,19,7
2,10,2008,46,11,14,19,12
3,10,2008,46,9,14,20,14
4,10,2008,46,9,12,20,16
5,10,2008,46,13,14,20,14
6,10,2008,46,11,13,18,16
7,10,2008,46,17,12,21,13
8,10,2008,46,13,13,19,10
9,10,2008,46,13,19,21,4
10,10,2008,46,14,18,21,2
11,10,2008,46,14,16,21,7
12,10,2008,46,16,17,18,9
13,10,2008,46,16,19,19,8
14,10,2008,46,13,17,19,8
15,10,2008,46,14,18,19,8
16,10,2008,46,12,18,19,6
17,10,2008,46,11,13,19,8
18,10,2008,46,12,11,19,9
19,10,2008,46,13,9,19,6
20,10,2008,46,13,11,20,7
21,10,2008,46,11,12,19,8
22,10,2008,46,10,8,18,9
23,10,2008,46,11,8,21,9
24,10,2008,46,11,9,22,6
25,10,2008,46,11,15,20,4
26,10,2008,46,12,13,20,3
27,10,2008,46,8,13,18,7
28,10,2008,46,6,6,17,7
29,10,2008,46,4,6,17,7
30,10,2008,46,4,6,14,8
31,10,2008,46,6,11,16,9
1,11,2008,47,6,14,17,9
2,11,2008,47,10,7,14,6
3,11,2008,47,9,11,17,2
4,11,2008,47,10,13,17,4
5,11,2008,47,11,15,14,2
6,11,2008,47,11,16,16,1
7,11,2008,47,11,16,17,-2
8,11,2008,47,11,14,14,-2
9,11,2008,47,10,11,12,1
10,11,2008,47,11,8,12,2
11,11,2008,47,10,7,12,4
12,11,2008,47,8,7,12,4
13,11,2008,47,9,11,16,2
14,11,2008,47,13,16,14,3
15,11,2008,47,13,17,17,2
16,11,2008,47,9,10,16,6
17,11,2008,47,7,6,16,3
18,11,2008,47,10,2,16,-1
19,11,2008,47,10,0,11,-2
20,11,2008,47,11,1,9,1
21,11,2008,47,7,0,10,1
22,11,2008,47,4,-2,11,-2
23,11,2008,47,6,-1,12,3
24,11,2008,47,6,6,10,-1
25,11,2008,47,4,6,9,-1
26,11,2008,47,6,5,11,-2
27,11,2008,47,10,4,10,-2
28,11,2008,47,8,7,11,2
29,11,2008,47,3,5,13,2
30,11,2008,47,6,4,12,0
1,12,2008,48,4,9,10,2
2,12,2008,48,3,4,10,2
3,12,2008,48,3,3,12,4
4,12,2008,48,6,7,11,6
5,12,2008,48,6,3,15,7
6,12,2008,48,4,0,11,8
7,12,2008,48,3,-2,7,6
8,12,2008,48,6,-4,8,3
9,12,2008,48,4,7,9,2
10,12,2008,48,3,12,13,-1
11,12,2008,48,3,4,15,-2
12,12,2008,48,4,3,12,-2
13,12,2008,48,6,-1,11,0
14,12,2008,48,3,4,8,-3
15,12,2008,48,4,14,7,-6
16,12,2008,48,4,7,9,-6
17,12,2008,48,7,3,10,-7
18,12,2008,48,9,4,10,-6
19,12,2008,48,8,1,10,-6
20,12,2008,48,11,-3,11,-3
21,12,2008,48,11,-1,13,-8
22,12,2008,48,11,-7,12,-8
23,12,2008,48,9,-4,8,-7
24,12,2008,48,8,7,7,-6
25,12,2008,48,6,7,11,-6
26,12,2008,48,3,3,6,-7
27,12,2008,48,1,7,6,-9
28,12,2008,48,2,13,7,-6
29,12,2008,48,1,6,9,-7
30,12,2008,48,0,3,9,-2
31,12,2008,48,0,-3,7,-3
1,1,2009,49,2,-6,8,-6
2,1,2009,49,2,-2,7,-10
3,1,2009,49,1,1,8,-13
4,1,2009,49,-1,1,8,-16
5,1,2009,49,1,5,8,-14
6,1,2009,49,-1,2,8,-14
7,1,2009,49,-1,2,7,-10
8,1,2009,49,2,1,7,-13
9,1,2009,49,-2,-2,6,-16
10,1,2009,49,-2,-3,7,-16
11,1,2009,49,6,-2,4,-10
12,1,2009,49,9,-3,6,-1
13,1,2009,49,8,2,6,-1
14,1,2009,49,3,-3,6,-3
15,1,2009,49,6,-7,4,-3
16,1,2009,49,7,-11,4,-3
17,1,2009,49,9,-10,7,-2
18,1,2009,49,6,-2,7,-6
19,1,2009,49,6,-1,9,-8
20,1,2009,49,4,-4,7,-7
21,1,2009,49,4,-6,7,-8
22,1,2009,49,8,-2,7,-2
23,1,2009,49,6,4,10,0
24,1,2009,49,3,0,7,-2
25,1,2009,49,7,-7,6,-1
26,1,2009,49,7,-4,6,-2
27,1,2009,49,6,-3,7,-3
28,1,2009,49,6,1,7,-1
29,1,2009,49,3,-1,9,-1
30,1,2009,49,4,-1,10,-6
31,1,2009,49,3,-4,8,-15
1,2,2009,50,0,4,8,-21
2,2,2009,50,-1,7,6,-19
3,2,2009,50,1,-1,8,-12
4,2,2009,50,1,-4,7,-11
5,2,2009,50,2,-9,8,-10
6,2,2009,50,1,-4,8,-13
7,2,2009,50,1,4,8,-7
8,2,2009,50,3,9,8,-2
9,2,2009,50,4,4,6,1
10,2,2009,50,3,6,8,-1
11,2,2009,50,3,13,7,-2
12,2,2009,50,2,11,9,-1
13,2,2009,50,3,3,11,-1
14,2,2009,50,3,2,16,-1
15,2,2009,50,6,2,12,0
16,2,2009,50,8,1,9,0
17,2,2009,50,9,0,4,-1
18,2,2009,50,7,3,6,-1
19,2,2009,50,8,4,6,-8
20,2,2009,50,7,-2,8,-7
21,2,2009,50,8,1,7,-9
22,2,2009,50,9,3,7,-13
23,2,2009,50,9,-2,9,-13
24,2,2009,50,9,-1,6,-12
25,2,2009,50,9,1,8,-9
26,2,2009,50,8,6,8,-3
27,2,2009,50,10,11,4,-3
28,2,2009,50,8,6,7,-2
1,3,2009,51,7,0,7,-2
2,3,2009,51,7,-6,7,-1
3,3,2009,51,8,-7,3,-2
4,3,2009,51,4,-3,4,-6
5,3,2009,51,4,2,9,-3
6,3,2009,51,6,8,8,-2
7,3,2009,51,9,16,11,-4
8,3,2009,51,7,14,8,-3
9,3,2009,51,7,7,9,-1
10,3,2009,51,9,6,12,1
11,3,2009,51,8,10,8,1
12,3,2009,51,11,3,7,2
13,3,2009,51,10,1,9,0
14,3,2009,51,10,6,11,-2
15,3,2009,51,12,8,9,-4
16,3,2009,51,11,7,10,-2
17,3,2009,51,10,8,14,-2
18,3,2009,51,9,12,14,-2
19,3,2009,51,8,9,16,0
20,3,2009,51,8,4,14,-2
21,3,2009,51,9,4,10,-1
22,3,2009,51,10,7,14,-4
23,3,2009,51,10,3,12,-6
24,3,2009,51,8,4,8,-4
25,3,2009,51,9,7,8,0
26,3,2009,51,11,7,8,-4
27,3,2009,51,8,12,7,-4
28,3,2009,51,7,11,8,1
29,3,2009,51,6,8,7,3
30,3,2009,51,8,8,9,4
31,3,2009,51,11,9,11,2
1,4,2009,52,10,8,9,2
2,4,2009,52,11,12,10,1
3,4,2009,52,10,13,11,-1
4,4,2009,52,12,11,13,0
5,4,2009,52,10,13,13,-2
6,4,2009,52,12,10,14,4
7,4,2009,52,11,7,16,1
8,4,2009,52,12,6,16,-1
9,4,2009,52,12,11,17,-2
10,4,2009,52,13,11,17,-2
11,4,2009,52,11,8,18,1
12,4,2009,52,11,6,16,6
13,4,2009,52,12,8,18,6
14,4,2009,52,12,8,18,6
15,4,2009,52,14,10,19,8
16,4,2009,52,13,12,18,2
17,4,2009,52,10,14,13,1
18,4,2009,52,10,19,14,2
19,4,2009,52,10,13,17,0
20,4,2009,52,12,8,16,1
21,4,2009,52,13,12,18,1
22,4,2009,52,14,11,19,0
23,4,2009,52,14,10,17,2
24,4,2009,52,13,16,13,4
25,4,2009,52,12,21,12,7
26,4,2009,52,12,27,16,11
27,4,2009,52,9,22,14,13
28,4,2009,52,8,27,12,14
29,4,2009,52,11,15,14,17
30,4,2009,52,12,13,16,9
1,5,2009,53,15,17,18,7
2,5,2009,53,14,16,19,8
3,5,2009,53,12,13,20,12
4,5,2009,53,10,12,20,14
5,5,2009,53,16,12,17,16
6,5,2009,53,16,14,17,16
7,5,2009,53,12,16,17,11
8,5,2009,53,12,18,18,13
9,5,2009,53,13,19,20,14
10,5,2009,53,13,17,22,14
11,5,2009,53,11,14,20,14
12,5,2009,53,11,16,21,16
13,5,2009,53,12,14,21,14
14,5,2009,53,14,17,19,8
15,5,2009,53,12,20,17,9
16,5,2009,53,12,18,17,8
17,5,2009,53,12,15,19,9
18,5,2009,53,13,12,23,11
19,5,2009,53,13,13,20,11
20,5,2009,53,14,19,22,12
21,5,2009,53,15,23,22,12
22,5,2009,53,14,23,21,12
23,5,2009,53,16,19,23,14
24,5,2009,53,17,22,19,10
25,5,2009,53,17,22,18,11
26,5,2009,53,14,16,20,12
27,5,2009,53,13,15,21,16
28,5,2009,53,18,15,18,19
29,5,2009,53,17,18,17,19
30,5,2009,53,16,21,18,17
31,5,2009,53,17,21,21,17
1,6,2009,54,18,16,19,18
2,6,2009,54,18,22,20,19
3,6,2009,54,14,17,22,18
4,6,2009,54,12,17,21,13
5,6,2009,54,12,14,19,12
6,6,2009,54,13,19,20,12
7,6,2009,54,13,23,23,11
8,6,2009,54,13,21,19,16
9,6,2009,54,13,19,21,14
10,6,2009,54,14,17,23,20
11,6,2009,54,16,17,21,22
12,6,2009,54,16,22,23,22
13,6,2009,54,18,19,23,22
14,6,2009,54,20,19,20,18
15,6,2009,54,17,18,20,16
16,6,2009,54,17,17,20,17
17,6,2009,54,17,17,21,14
18,6,2009,54,16,17,22,12
19,6,2009,54,16,21,21,13
20,6,2009,54,16,19,23,13
21,6,2009,54,17,22,22,14
22,6,2009,54,17,21,23,17
23,6,2009,54,18,23,26,19
24,6,2009,54,17,22,23,17
25,6,2009,54,19,22,23,13
26,6,2009,54,20,23,26,16
27,6,2009,54,22,22,26,18
28,6,2009,54,20,23,23,21
29,6,2009,54,22,23,23,18
30,6,2009,54,22,24,23,14
1,7,2009,55,20,23,23,16
2,7,2009,55,21,22,21,18
3,7,2009,55,22,22,23,17
4,7,2009,55,21,23,23,11
5,7,2009,55,20,21,23,9
6,7,2009,55,18,23,23,12
7,7,2009,55,18,21,26,12
8,7,2009,55,16,20,26,16
9,7,2009,55,16,19,28,19
10,7,2009,55,16,21,27,17
11,7,2009,55,18,22,23,18
12,7,2009,55,19,23,24,20
13,7,2009,55,18,21,28,21
14,7,2009,55,18,21,26,24
15,7,2009,55,18,23,28,21
16,7,2009,55,19,25,28,21
17,7,2009,55,18,25,26,21
18,7,2009,55,18,24,27,22
19,7,2009,55,17,23,29,21
20,7,2009,55,17,23,26,21
21,7,2009,55,19,20,23,20
22,7,2009,55,19,23,24,16
23,7,2009,55,18,22,26,17
24,7,2009,55,18,22,27,18
25,7,2009,55,19,24,27,20
26,7,2009,55,17,24,28,20
27,7,2009,55,17,24,27,20
28,7,2009,55,17,26,26,18
29,7,2009,55,18,25,28,20
30,7,2009,55,17,26,27,21
31,7,2009,55,17,24,23,21
1,8,2009,56,19,23,24,20
2,8,2009,56,17,22,24,18
3,8,2009,56,17,25,27,16
4,8,2009,56,19,24,26,16
5,8,2009,56,22,26,27,17
6,8,2009,56,23,22,28,14
7,8,2009,56,18,22,28,13
8,8,2009,56,19,22,28,13
9,8,2009,56,20,24,28,12
10,8,2009,56,19,27,27,13
11,8,2009,56,21,28,27,18
12,8,2009,56,19,24,27,18
13,8,2009,56,19,21,28,18
14,8,2009,56,19,25,27,14
15,8,2009,56,20,26,27,13
16,8,2009,56,20,28,27,15
17,8,2009,56,19,29,27,20
18,8,2009,56,20,26,27,20
19,8,2009,56,22,27,27,16
20,8,2009,56,20,28,28,13
21,8,2009,56,17,27,28,11
22,8,2009,56,17,24,28,13
23,8,2009,56,22,26,27,14
24,8,2009,56,20,24,27,13
25,8,2009,56,17,24,24,14
26,8,2009,56,18,26,24,14
27,8,2009,56,19,23,24,14
28,8,2009,56,17,20,27,17
29,8,2009,56,16,21,28,16
30,8,2009,56,16,23,23,16
31,8,2009,56,21,19,20,16
1,9,2009,57,18,19,26,16
2,9,2009,57,17,19,22,17
3,9,2009,57,17,21,22,19
4,9,2009,57,16,23,23,18
5,9,2009,57,16,25,23,18
6,9,2009,57,17,21,24,16
7,9,2009,57,18,19,23,14
8,9,2009,57,22,20,24,16
9,9,2009,57,17,21,22,16
10,9,2009,57,14,18,23,16
11,9,2009,57,16,16,22,16
12,9,2009,57,17,18,21,14
13,9,2009,57,14,22,23,14
14,9,2009,57,17,21,23,14
15,9,2009,57,16,22,21,16
16,9,2009,57,16,19,22,13
17,9,2009,57,14,15,22,14
18,9,2009,57,16,18,20,10
19,9,2009,57,18,17,22,7
20,9,2009,57,17,18,23,13
21,9,2009,57,17,19,21,14
22,9,2009,57,17,21,23,13
23,9,2009,57,17,24,23,11
24,9,2009,57,16,23,23,12
25,9,2009,57,16,17,23,8
26,9,2009,57,14,16,23,9
27,9,2009,57,16,18,22,11
28,9,2009,57,16,18,23,12
29,9,2009,57,16,16,22,11
30,9,2009,57,16,13,20,7
1,10,2009,58,14,11,20,6
2,10,2009,58,13,13,22,7
3,10,2009,58,14,19,23,4
4,10,2009,58,13,19,22,7
5,10,2009,58,13,16,20,10
6,10,2009,58,17,14,18,6
7,10,2009,58,14,17,18,4
8,10,2009,58,11,14,21,12
9,10,2009,58,11,18,21,10
10,10,2009,58,16,14,17,3
11,10,2009,58,13,13,19,2
12,10,2009,58,12,9,18,6
13,10,2009,58,11,13,19,9
14,10,2009,58,11,8,18,13
15,10,2009,58,12,6,18,8
16,10,2009,58,12,6,18,6
17,10,2009,58,10,7,18,6
18,10,2009,58,8,6,20,2
19,10,2009,58,10,8,19,3
20,10,2009,58,10,13,22,2
21,10,2009,58,12,16,19,2
22,10,2009,58,13,18,19,6
23,10,2009,58,13,14,18,8
24,10,2009,58,16,15,17,6
25,10,2009,58,14,14,14,3
26,10,2009,58,13,12,14,3
27,10,2009,58,16,12,20,4
28,10,2009,58,14,12,18,6
29,10,2009,58,14,12,17,3
30,10,2009,58,12,13,19,-1
31,10,2009,58,14,17,18,-2
1,11,2009,59,14,12,20,-2
2,11,2009,59,10,11,11,-2
3,11,2009,59,11,11,9,-1
4,11,2009,59,9,8,13,-3
5,11,2009,59,10,9,13,-3
6,11,2009,59,10,7,14,-3
7,11,2009,59,8,7,17,0
8,11,2009,59,8,14,18,3
9,11,2009,59,7,14,17,2
10,11,2009,59,7,16,17,1
11,11,2009,59,9,12,17,2
12,11,2009,59,11,9,13,2
13,11,2009,59,13,11,12,6
14,11,2009,59,13,13,16,4
15,11,2009,59,11,16,18,3
16,11,2009,59,11,12,14,0
17,11,2009,59,12,11,11,-1
18,11,2009,59,13,9,11,0
19,11,2009,59,14,12,8,0
20,11,2009,59,13,13,9,0
21,11,2009,59,13,11,13,3
22,11,2009,59,11,10,9,6
23,11,2009,59,11,8,11,3
24,11,2009,59,12,12,12,4
25,11,2009,59,12,10,13,4
26,11,2009,59,9,12,14,4
27,11,2009,59,8,8,16,4
28,11,2009,59,8,8,13,4
29,11,2009,59,9,9,10,4
30,11,2009,59,6,9,10,3
1,12,2009,60,3,5,11,3
2,12,2009,60,9,9,12,7
3,12,2009,60,7,15,10,7
4,12,2009,60,6,9,12,3
5,12,2009,60,11,4,11,-1
6,12,2009,60,11,2,11,-4
7,12,2009,60,9,2,11,-6
8,12,2009,60,8,4,10,-8
9,12,2009,60,12,6,10,-4
10,12,2009,60,8,3,11,-4
11,12,2009,60,4,-4,9,-6
12,12,2009,60,7,-1,13,-9
13,12,2009,60,6,6,11,-9
14,12,2009,60,3,6,9,-14
15,12,2009,60,1,8,8,-24
16,12,2009,60,0,2,7,-24
17,12,2009,60,2,-3,8,-21
18,12,2009,60,1,-5,7,-19
19,12,2009,60,0,-3,6,-18
20,12,2009,60,1,-2,6,-15
21,12,2009,60,1,0,7,-10
22,12,2009,60,2,-1,7,-14
23,12,2009,60,2,-4,7,-7
24,12,2009,60,3,0,9,-1
25,12,2009,60,4,2,9,-4
26,12,2009,60,8,8,9,1
27,12,2009,60,6,9,9,1
28,12,2009,60,3,3,10,-3
29,12,2009,60,3,-4,8,-6
30,12,2009,60,4,-3,9,-7
31,12,2009,60,3,0,7,-9
1,1,2010,61,1,3,4,-12
2,1,2010,61,2,-3,6,-16
3,1,2010,61,1,-7,6,-18
4,1,2010,61,-1,-4,7,-19
5,1,2010,61,0,-4,7,-13
6,1,2010,61,-1,-1,6,-14
7,1,2010,61,-2,1,7,-13
8,1,2010,61,-1,-2,7,-7
9,1,2010,61,-1,-4,7,-12
10,1,2010,61,1,-6,7,-18
11,1,2010,61,1,-3,6,-16
12,1,2010,61,1,-1,4,-14
13,1,2010,61,0,-1,4,-12
14,1,2010,61,2,2,3,-11
15,1,2010,61,3,6,3,-11
16,1,2010,61,6,7,4,-10
17,1,2010,61,7,5,4,-13
18,1,2010,61,6,7,6,-19
19,1,2010,61,6,7,7,-19
20,1,2010,61,3,3,12,-18
21,1,2010,61,4,2,13,-16
22,1,2010,61,7,3,7,-19
23,1,2010,61,6,1,6,-18
24,1,2010,61,4,5,6,-21
25,1,2010,61,3,12,8,-19
26,1,2010,61,0,6,8,-23
27,1,2010,61,2,2,8,-22
28,1,2010,61,6,-1,12,-20
29,1,2010,61,3,-7,9,-17
30,1,2010,61,1,-8,8,-12
31,1,2010,61,1,-6,9,-13
1,2,2010,62,2,-1,4,-4
2,2,2010,62,6,-1,4,-3
3,2,2010,62,6,1,3,-3
4,2,2010,62,7,1,3,-8
5,2,2010,62,8,1,4,-13
6,2,2010,62,4,-3,4,-15
7,2,2010,62,4,-3,5,-13
8,2,2010,62,1,-1,7,-15
9,2,2010,62,2,2,13,-11
10,2,2010,62,1,0,9,-11
11,2,2010,62,1,1,4,-11
12,2,2010,62,3,0,4,-12
13,2,2010,62,2,-2,2,-13
14,2,2010,62,2,1,3,-11
15,2,2010,62,1,1,6,-10
16,2,2010,62,4,-1,3,-12
17,2,2010,62,3,-1,3,-14
18,2,2010,62,3,2,3,-14
19,2,2010,62,3,4,4,-10
20,2,2010,62,3,4,7,-11
21,2,2010,62,3,4,7,-14
22,2,2010,62,3,3,8,-12
23,2,2010,62,3,3,8,-10
24,2,2010,62,8,4,12,-3
25,2,2010,62,8,1,12,-2
26,2,2010,62,7,-1,17,-2
27,2,2010,62,8,1,11,0
28,2,2010,62,4,3,6,-3
1,3,2010,63,6,6,12,-2
2,3,2010,63,4,6,6,1
3,3,2010,63,3,3,8,0
4,3,2010,63,3,5,8,-2
5,3,2010,63,3,6,11,-6
6,3,2010,63,2,6,11,-7
7,3,2010,63,0,8,7,-9
8,3,2010,63,2,11,6,-10
9,3,2010,63,4,12,3,-8
10,3,2010,63,3,11,8,-6
11,3,2010,63,3,9,8,1
12,3,2010,63,6,5,9,-2
13,3,2010,63,7,6,15,-4
14,3,2010,63,8,8,10,-7
15,3,2010,63,8,7,12,-7
16,3,2010,63,8,11,17,-11
17,3,2010,63,10,13,10,-11
18,3,2010,63,11,16,10,-11
19,3,2010,63,10,16,8,-4
20,3,2010,63,10,18,13,2
21,3,2010,63,10,14,13,3
22,3,2010,63,8,12,9,2
23,3,2010,63,8,9,10,-3
24,3,2010,63,12,11,7,0
25,3,2010,63,11,13,6,-3
26,3,2010,63,10,6,8,-1
27,3,2010,63,10,3,8,6
28,3,2010,63,9,6,7,6
29,3,2010,63,10,11,4,3
30,3,2010,63,9,8,4,6
31,3,2010,63,6,11,8,7
1,4,2010,64,6,15,14,7
2,4,2010,64,8,14,15,8
3,4,2010,64,8,14,11,8
4,4,2010,64,8,17,9,7
5,4,2010,64,9,19,10,8
6,4,2010,64,11,20,14,8
7,4,2010,64,10,23,13,8
8,4,2010,64,10,22,9,9
9,4,2010,64,12,13,10,8
10,4,2010,64,11,11,16,8
11,4,2010,64,9,18,17,7
12,4,2010,64,9,16,10,6
13,4,2010,64,9,11,13,4
14,4,2010,64,9,13,13,7
15,4,2010,64,9,17,8,8
16,4,2010,64,9,11,6,9
17,4,2010,64,9,10,6,9
18,4,2010,64,12,10,11,8
19,4,2010,64,10,13,14,10
20,4,2010,64,9,15,16,11
21,4,2010,64,8,16,18,11
22,4,2010,64,8,17,11,10
23,4,2010,64,9,13,9,6
24,4,2010,64,12,14,11,7
25,4,2010,64,13,9,11,4
26,4,2010,64,13,11,13,3
27,4,2010,64,14,10,12,6
28,4,2010,64,15,9,14,8
29,4,2010,64,16,14,18,8
30,4,2010,64,12,19,14,9
1,5,2010,65,13,24,16,16
2,5,2010,65,8,25,16,17
3,5,2010,65,8,23,18,16
4,5,2010,65,7,22,20,17
5,5,2010,65,9,21,21,17
6,5,2010,65,11,21,21,13
7,5,2010,65,9,17,20,14
8,5,2010,65,8,17,20,20
9,5,2010,65,9,9,20,20
10,5,2010,65,8,11,18,19
11,5,2010,65,7,10,17,19
12,5,2010,65,7,8,17,19
13,5,2010,65,8,13,16,18
14,5,2010,65,10,20,14,17
15,5,2010,65,12,19,14,19
16,5,2010,65,12,17,16,17
17,5,2010,65,12,18,20,19
18,5,2010,65,12,13,21,17
19,5,2010,65,14,14,21,14
20,5,2010,65,17,19,20,17
21,5,2010,65,17,23,23,17
22,5,2010,65,16,19,22,18
23,5,2010,65,19,18,18,18
24,5,2010,65,20,19,19,16
25,5,2010,65,13,22,23,13
26,5,2010,65,12,26,18,9
27,5,2010,65,12,21,17,11
28,5,2010,65,14,17,18,13
29,5,2010,65,13,21,16,16
30,5,2010,65,16,24,14,17
31,5,2010,65,13,26,17,17
1,6,2010,66,12,24,17,17
2,6,2010,66,16,25,19,20
3,6,2010,66,16,25,20,21
4,6,2010,66,17,27,22,22
5,6,2010,66,19,28,20,13
6,6,2010,66,19,24,21,13
7,6,2010,66,17,19,22,16
8,6,2010,66,16,19,20,18
9,6,2010,66,17,17,19,16
10,6,2010,66,17,19,21,14
11,6,2010,66,17,18,22,14
12,6,2010,66,14,21,23,22
13,6,2010,66,16,22,23,23
14,6,2010,66,14,22,19,14
15,6,2010,66,13,23,22,12
16,6,2010,66,14,21,24,13
17,6,2010,66,14,21,26,11
18,6,2010,66,14,23,23,11
19,6,2010,66,12,23,25,14
20,6,2010,66,13,27,27,18
21,6,2010,66,18,26,24,19
22,6,2010,66,19,26,26,22
23,6,2010,66,21,27,23,23
24,6,2010,66,20,29,24,23
25,6,2010,66,20,26,26,23
26,6,2010,66,19,27,26,24
27,6,2010,66,22,27,27,23
28,6,2010,66,23,29,27,20
29,6,2010,66,21,27,26,18
30,6,2010,66,21,22,26,19
1,7,2010,67,20,21,28,18
2,7,2010,67,23,22,27,21
3,7,2010,67,21,25,26,22
4,7,2010,67,19,29,27,21
5,7,2010,67,19,31,27,21
6,7,2010,67,18,33,28,23
7,7,2010,67,19,32,24,23
8,7,2010,67,22,28,26,23
9,7,2010,67,23,28,24,26
10,7,2010,67,23,26,27,26
11,7,2010,67,22,28,26,24
12,7,2010,67,19,29,27,24
13,7,2010,67,17,26,23,24
14,7,2010,67,19,24,25,24
15,7,2010,67,18,27,28,26
16,7,2010,67,17,29,28,27
17,7,2010,67,17,29,28,28
18,7,2010,67,19,30,28,26
19,7,2010,67,22,28,29,26
20,7,2010,67,23,28,29,28
21,7,2010,67,20,29,31,26
22,7,2010,67,18,28,31,28
23,7,2010,67,18,27,30,29
24,7,2010,67,20,32,31,28
25,7,2010,67,20,28,29,28
26,7,2010,67,20,26,29,29
27,7,2010,67,21,27,30,27
28,7,2010,67,20,28,29,29
29,7,2010,67,18,28,26,30
30,7,2010,67,18,24,27,26
31,7,2010,67,21,24,29,26
1,8,2010,68,19,24,29,24
2,8,2010,68,18,25,29,28
3,8,2010,68,18,26,29,27
4,8,2010,68,18,28,29,30
5,8,2010,68,17,30,30,28
6,8,2010,68,17,27,29,29
7,8,2010,68,19,26,29,28
8,8,2010,68,18,27,29,29
9,8,2010,68,19,29,27,29
10,8,2010,68,18,29,28,28
11,8,2010,68,18,29,29,27
12,8,2010,68,17,22,29,26
13,8,2010,68,16,24,28,24
14,8,2010,68,16,23,29,26
15,8,2010,68,17,22,30,24
16,8,2010,68,18,26,31,24
17,8,2010,68,18,28,31,23
18,8,2010,68,17,26,30,26
19,8,2010,68,17,27,28,21
20,8,2010,68,19,28,28,13
21,8,2010,68,21,24,29,13
22,8,2010,68,20,24,30,14
23,8,2010,68,18,20,30,19
24,8,2010,68,16,19,29,16
25,8,2010,68,16,19,30,20
26,8,2010,68,18,23,29,16
27,8,2010,68,14,21,30,16
28,8,2010,68,16,23,30,12
29,8,2010,68,16,27,30,12
30,8,2010,68,14,28,30,9
31,8,2010,68,14,30,31,8
1,9,2010,69,15,30,30,8
2,9,2010,69,16,30,30,17
3,9,2010,69,16,27,30,13
4,9,2010,69,14,23,31,11
5,9,2010,69,17,21,30,10
6,9,2010,69,16,21,30,10
7,9,2010,69,16,26,31,9
8,9,2010,69,17,26,27,10
9,9,2010,69,17,19,24,12
10,9,2010,69,18,20,26,12
11,9,2010,69,19,21,28,13
12,9,2010,69,17,17,28,13
13,9,2010,69,16,20,28,12
14,9,2010,69,17,20,27,13
15,9,2010,69,14,18,23,17
16,9,2010,69,14,18,21,17
17,9,2010,69,12,18,24,14
18,9,2010,69,12,18,26,11
19,9,2010,69,14,22,26,12
20,9,2010,69,18,19,27,11
21,9,2010,69,16,18,27,10
22,9,2010,69,17,24,28,9
23,9,2010,69,16,23,21,10
24,9,2010,69,12,24,18,11
25,9,2010,69,10,26,18,12
26,9,2010,69,11,20,18,13
27,9,2010,69,13,19,17,13
28,9,2010,69,14,22,19,11
29,9,2010,69,14,22,22,6
30,9,2010,69,12,22,19,4
1,10,2010,70,14,19,21,4
2,10,2010,70,13,15,21,7
3,10,2010,70,14,14,20,4
4,10,2010,70,14,12,20,4
5,10,2010,70,14,14,22,3
6,10,2010,70,14,15,22,4
7,10,2010,70,13,17,21,6
8,10,2010,70,17,18,21,7
9,10,2010,70,16,17,18,6
10,10,2010,70,16,14,20,4
11,10,2010,70,14,19,22,3
12,10,2010,70,12,17,21,3
13,10,2010,70,11,13,22,1
14,10,2010,70,10,14,21,3
15,10,2010,70,11,12,21,3
16,10,2010,70,10,12,21,1
17,10,2010,70,10,15,21,-1
18,10,2010,70,10,13,20,1
19,10,2010,70,10,12,18,0
20,10,2010,70,7,12,19,1
21,10,2010,70,7,13,19,4
22,10,2010,70,9,10,17,3
23,10,2010,70,10,12,18,3
24,10,2010,70,7,16,16,6
25,10,2010,70,7,18,17,7
26,10,2010,70,9,20,16,7
27,10,2010,70,13,21,13,3
28,10,2010,70,13,18,10,0
29,10,2010,70,13,11,13,0
30,10,2010,70,12,10,13,4
31,10,2010,70,11,10,16,4
1,11,2010,71,11,6,18,3
2,11,2010,71,13,6,17,7
3,11,2010,71,14,9,14,7
4,11,2010,71,17,9,12,7
5,11,2010,71,13,9,13,3
6,11,2010,71,9,8,14,2
7,11,2010,71,7,7,16,1
8,11,2010,71,7,6,17,2
9,11,2010,71,7,9,17,9
10,11,2010,71,6,11,16,12
11,11,2010,71,9,9,12,10
12,11,2010,71,11,12,16,7
13,11,2010,71,9,13,16,7
14,11,2010,71,7,12,16,4
15,11,2010,71,6,12,11,7
16,11,2010,71,4,13,10,8
17,11,2010,71,6,13,10,3
18,11,2010,71,8,10,12,1
19,11,2010,71,7,7,11,3
20,11,2010,71,7,9,13,2
21,11,2010,71,7,7,13,-1
22,11,2010,71,7,13,14,-3
23,11,2010,71,6,13,14,-2
24,11,2010,71,4,8,11,1
25,11,2010,71,2,6,11,2
26,11,2010,71,1,8,12,0
27,11,2010,71,0,3,12,-2
28,11,2010,71,-1,5,14,-9
29,11,2010,71,1,6,12,-17
30,11,2010,71,1,11,12,-18
1,12,2010,72,-1,10,13,-22
2,12,2010,72,-1,3,13,-19
3,12,2010,72,-1,3,18,-12
4,12,2010,72,3,2,12,-6
5,12,2010,72,2,1,11,-10
6,12,2010,72,-2,1,13,-10
7,12,2010,72,-1,1,12,-6
8,12,2010,72,1,-1,10,-4
9,12,2010,72,2,-3,9,-2
10,12,2010,72,4,-1,10,-1
11,12,2010,72,7,4,12,-8
12,12,2010,72,3,9,11,-11
13,12,2010,72,2,2,9,-4
14,12,2010,72,2,-6,11,-8
15,12,2010,72,2,-4,10,-12
16,12,2010,72,3,-3,6,-12
17,12,2010,72,-2,-1,7,-12
18,12,2010,72,-2,0,8,-12
19,12,2010,72,-2,1,8,-8
20,12,2010,72,-3,-1,11,-8
21,12,2010,72,1,1,11,-6
22,12,2010,72,1,1,13,-7
23,12,2010,72,1,1,12,-8
24,12,2010,72,1,2,9,-8
25,12,2010,72,-1,-2,6,-4
26,12,2010,72,0,-3,7,-4
27,12,2010,72,3,-4,7,-6
28,12,2010,72,3,-1,8,-6
29,12,2010,72,6,1,9,-8
30,12,2010,72,6,1,6,-7
31,12,2010,72,6,5,7,-11
1,1,2011,73,6,8,6,-8
2,1,2011,73,3,7,8,-3
3,1,2011,73,2,0,7,-6
4,1,2011,73,3,2,8,-11
5,1,2011,73,7,1,6,-11
6,1,2011,73,4,-1,7,-8
7,1,2011,73,6,-2,4,-9
8,1,2011,73,7,-3,6,-7
9,1,2011,73,4,-2,7,-2
10,1,2011,73,6,-1,3,0
11,1,2011,73,7,-3,3,-2
12,1,2011,73,9,-2,4,-2
13,1,2011,73,12,-4,4,-2
14,1,2011,73,10,-4,3,-3
15,1,2011,73,9,-1,3,-7
16,1,2011,73,11,0,3,-12
17,1,2011,73,8,-5,6,-17
18,1,2011,73,6,1,6,-14
19,1,2011,73,4,3,6,-14
20,1,2011,73,4,1,4,-12
21,1,2011,73,2,-4,6,-12
22,1,2011,73,3,-7,7,-10
23,1,2011,73,7,-8,6,-9
24,1,2011,73,6,-9,6,-9
25,1,2011,73,6,-1,6,-11
26,1,2011,73,4,1,6,-11
27,1,2011,73,2,1,4,-13
28,1,2011,73,1,-1,3,-12
29,1,2011,73,1,1,4,-7
30,1,2011,73,2,1,2,-4
31,1,2011,73,2,-3,2,-7
1,2,2011,74,2,-2,6,-8
2,2,2011,74,6,1,6,-3
3,2,2011,74,8,-2,7,-1
4,2,2011,74,11,-2,8,-1
5,2,2011,74,12,3,7,-1
6,2,2011,74,11,5,8,-2
7,2,2011,74,9,5,9,-3
8,2,2011,74,7,-1,6,-6
9,2,2011,74,7,-6,4,-4
10,2,2011,74,9,-3,7,-13
11,2,2011,74,11,-2,4,-16
12,2,2011,74,8,2,3,-13
13,2,2011,74,7,3,4,-16
14,2,2011,74,8,9,3,-16
15,2,2011,74,7,-1,6,-19
16,2,2011,74,8,3,7,-21
17,2,2011,74,6,13,10,-21
18,2,2011,74,4,14,10,-21
19,2,2011,74,4,4,7,-22
20,2,2011,74,4,-1,7,-13
21,2,2011,74,6,-1,7,-18
22,2,2011,74,6,-3,8,-19
23,2,2011,74,9,-1,8,-16
24,2,2011,74,11,3,11,-14
25,2,2011,74,11,8,14,-14
26,2,2011,74,8,3,7,-13
27,2,2011,74,7,7,11,-12
28,2,2011,74,4,10,7,-12
1,3,2011,75,4,4,6,-11
2,3,2011,75,3,4,6,-10
3,3,2011,75,3,-3,4,-4
4,3,2011,75,3,1,4,-2
5,3,2011,75,3,11,6,-2
6,3,2011,75,4,11,9,-4
7,3,2011,75,4,7,6,-7
8,3,2011,75,6,4,6,-9
9,3,2011,75,8,4,8,-1
10,3,2011,75,9,8,6,-3
11,3,2011,75,9,9,7,-6
12,3,2011,75,10,8,7,-3
13,3,2011,75,8,8,10,-2
14,3,2011,75,6,5,13,3
15,3,2011,75,7,5,12,1
16,3,2011,75,7,9,7,-1
17,3,2011,75,7,13,6,-3
18,3,2011,75,6,18,4,0
19,3,2011,75,6,9,13,-2
20,3,2011,75,8,6,14,-2
21,3,2011,75,10,5,13,1
22,3,2011,75,12,7,7,-3
23,3,2011,75,10,2,7,2
24,3,2011,75,10,3,6,6
25,3,2011,75,11,2,8,-6
26,3,2011,75,9,1,8,-7
27,3,2011,75,10,3,7,-7
28,3,2011,75,9,2,8,-2
29,3,2011,75,9,4,9,-2
30,3,2011,75,11,7,12,-2
31,3,2011,75,14,4,10,-1
1,4,2011,76,13,4,11,-3
2,4,2011,76,14,8,13,2
3,4,2011,76,11,10,9,7
4,4,2011,76,10,12,9,6
5,4,2011,76,11,12,9,4
6,4,2011,76,17,8,12,6
7,4,2011,76,15,8,16,3
8,4,2011,76,16,8,17,2
9,4,2011,76,12,9,16,1
10,4,2011,76,12,11,13,2
11,4,2011,76,14,19,13,1
12,4,2011,76,10,15,12,0
13,4,2011,76,10,8,13,1
14,4,2011,76,11,15,16,2
15,4,2011,76,13,9,19,4
16,4,2011,76,14,9,18,3
17,4,2011,76,14,13,13,4
18,4,2011,76,12,13,14,7
19,4,2011,76,17,10,14,3
20,4,2011,76,17,13,11,2
21,4,2011,76,18,12,12,3
22,4,2011,76,18,8,14,9
23,4,2011,76,19,11,17,10
24,4,2011,76,18,19,16,9
25,4,2011,76,15,19,16,10
26,4,2011,76,12,21,16,12
27,4,2011,76,12,20,20,12
28,4,2011,76,11,19,19,16
29,4,2011,76,14,17,16,12
30,4,2011,76,14,15,18,11
1,5,2011,77,13,16,18,8
2,5,2011,77,11,14,19,4
3,5,2011,77,9,18,16,13
4,5,2011,77,9,13,17,17
5,5,2011,77,14,13,16,16
6,5,2011,77,17,16,16,12
7,5,2011,77,18,18,17,16
8,5,2011,77,17,17,19,14
9,5,2011,77,16,17,19,14
10,5,2011,77,16,18,21,12
11,5,2011,77,14,17,16,13
12,5,2011,77,14,17,16,11
13,5,2011,77,13,16,20,10
14,5,2011,77,12,16,20,8
15,5,2011,77,12,18,20,10
16,5,2011,77,16,14,20,10
17,5,2011,77,14,13,18,10
18,5,2011,77,16,16,19,13
19,5,2011,77,14,20,20,12
20,5,2011,77,16,16,22,16
21,5,2011,77,16,19,22,17
22,5,2011,77,16,13,22,18
23,5,2011,77,14,16,16,17
24,5,2011,77,14,23,14,16
25,5,2011,77,14,24,18,16
26,5,2011,77,14,22,18,11
27,5,2011,77,13,23,18,11
28,5,2011,77,13,24,18,15
29,5,2011,77,17,24,18,20
30,5,2011,77,16,26,18,20
31,5,2011,77,13,26,14,18
1,6,2011,78,16,27,14,19
2,6,2011,78,17,22,16,21
3,6,2011,78,18,19,19,20
4,6,2011,78,19,19,21,16
5,6,2011,78,16,17,22,18
6,6,2011,78,12,22,22,17
7,6,2011,78,14,25,21,14
8,6,2011,78,14,29,20,16
9,6,2011,78,14,28,22,19
10,6,2011,78,12,26,23,19
11,6,2011,78,13,19,22,19
12,6,2011,78,12,19,23,18
13,6,2011,78,18,19,20,17
14,6,2011,78,17,18,21,14
15,6,2011,78,18,21,21,16
16,6,2011,78,13,23,20,17
17,6,2011,78,13,21,19,15
18,6,2011,78,14,23,20,17
19,6,2011,78,16,24,22,16
20,6,2011,78,16,23,23,21
21,6,2011,78,18,24,26,16
22,6,2011,78,16,24,24,17
23,6,2011,78,16,21,28,18
24,6,2011,78,14,20,29,17
25,6,2011,78,18,22,23,20
26,6,2011,78,22,23,21,22
27,6,2011,78,26,23,22,23
28,6,2011,78,19,26,27,23
29,6,2011,78,16,24,28,23
30,6,2011,78,17,23,29,24
1,7,2011,79,16,23,28,23
2,7,2011,79,17,25,26,22
3,7,2011,79,18,22,27,22
4,7,2011,79,19,26,29,23
5,7,2011,79,20,26,27,21
6,7,2011,79,17,27,28,22
7,7,2011,79,17,28,27,21
8,7,2011,79,17,25,28,23
9,7,2011,79,17,26,28,20
10,7,2011,79,18,25,28,22
11,7,2011,79,19,28,29,22
12,7,2011,79,17,30,29,22
13,7,2011,79,14,26,28,23
14,7,2011,79,17,23,29,21
15,7,2011,79,18,25,29,22
16,7,2011,79,17,27,29,27
17,7,2011,79,16,28,30,21
18,7,2011,79,17,29,30,22
19,7,2011,79,16,29,27,22
20,7,2011,79,17,28,26,23
21,7,2011,79,17,30,21,24
22,7,2011,79,16,34,21,24
23,7,2011,79,14,33,23,26
24,7,2011,79,18,29,26,24
25,7,2011,79,17,23,28,27
26,7,2011,79,17,27,27,27
27,7,2011,79,18,24,28,27
28,7,2011,79,19,26,27,27
29,7,2011,79,17,26,27,23
30,7,2011,79,16,28,27,22
31,7,2011,79,19,27,24,22
1,8,2011,80,21,28,24,20
2,8,2011,80,23,28,26,14
3,8,2011,80,23,26,27,16
4,8,2011,80,19,24,27,16
5,8,2011,80,20,26,28,17
6,8,2011,80,17,26,29,19
7,8,2011,80,17,27,29,18
8,8,2011,80,17,28,30,21
9,8,2011,80,17,25,30,24
10,8,2011,80,18,26,31,17
11,8,2011,80,19,24,31,16
12,8,2011,80,19,23,31,17
13,8,2011,80,19,25,31,20
14,8,2011,80,19,21,31,23
15,8,2011,80,17,23,30,26
16,8,2011,80,18,22,31,26
17,8,2011,80,18,24,31,24
18,8,2011,80,16,24,32,21
19,8,2011,80,16,24,27,19
20,8,2011,80,18,24,24,18
21,8,2011,80,19,25,22,16
22,8,2011,80,18,22,21,16
23,8,2011,80,16,21,26,14
24,8,2011,80,18,23,28,14
25,8,2011,80,17,24,28,14
26,8,2011,80,16,25,27,16
27,8,2011,80,16,24,24,19
28,8,2011,80,16,21,26,18
29,8,2011,80,14,20,26,20
30,8,2011,80,14,22,27,22
31,8,2011,80,16,23,26,18
1,9,2011,81,16,24,28,14
2,9,2011,81,20,22,28,15
3,9,2011,81,19,24,27,13
4,9,2011,81,18,26,28,11
5,9,2011,81,16,25,26,12
6,9,2011,81,17,20,24,12
7,9,2011,81,14,18,24,12
8,9,2011,81,17,22,26,12
9,9,2011,81,19,24,28,12
10,9,2011,81,20,23,28,12
11,9,2011,81,18,20,28,12
12,9,2011,81,19,23,28,13
13,9,2011,81,16,24,29,12
14,9,2011,81,14,26,29,17
15,9,2011,81,15,18,29,14
16,9,2011,81,17,14,29,12
17,9,2011,81,14,15,28,11
18,9,2011,81,13,16,29,12
19,9,2011,81,14,16,27,10
20,9,2011,81,17,18,21,13
21,9,2011,81,16,20,22,12
22,9,2011,81,16,23,24,12
23,9,2011,81,14,22,20,13
24,9,2011,81,15,23,21,10
25,9,2011,81,17,24,21,9
26,9,2011,81,19,23,19,9
27,9,2011,81,18,23,21,8
28,9,2011,81,19,22,20,10
29,9,2011,81,21,19,21,8
30,9,2011,81,21,19,24,9
1,10,2011,82,21,15,22,10
2,10,2011,82,21,14,19,6
3,10,2011,82,22,12,19,7
4,10,2011,82,17,13,18,9
5,10,2011,82,18,17,17,11
6,10,2011,82,14,14,19,9
7,10,2011,82,13,14,22,13
8,10,2011,82,13,19,20,16
9,10,2011,82,17,22,19,12
10,10,2011,82,18,22,21,8
11,10,2011,82,17,20,20,8
12,10,2011,82,17,16,20,8
13,10,2011,82,14,17,20,3
14,10,2011,82,13,18,21,4
15,10,2011,82,12,16,23,2
16,10,2011,82,11,16,26,1
17,10,2011,82,13,16,21,3
18,10,2011,82,11,16,19,6
19,10,2011,82,10,16,16,3
20,10,2011,82,8,16,17,7
21,10,2011,82,11,12,18,7
22,10,2011,82,10,12,19,4
23,10,2011,82,14,13,23,6
24,10,2011,82,13,13,20,3
25,10,2011,82,13,13,22,2
26,10,2011,82,11,14,18,4
27,10,2011,82,13,10,16,3
28,10,2011,82,12,6,16,1
29,10,2011,82,14,4,17,3
30,10,2011,82,16,4,17,6
31,10,2011,82,14,7,18,6
1,11,2011,83,13,10,18,7
2,11,2011,83,12,10,17,4
3,11,2011,83,16,12,17,6
4,11,2011,83,13,8,18,3
5,11,2011,83,12,6,19,-3
6,11,2011,83,11,8,18,-8
7,11,2011,83,11,12,18,-6
8,11,2011,83,10,16,16,1
9,11,2011,83,12,14,14,1
10,11,2011,83,12,14,14,0
11,11,2011,83,10,7,13,1
12,11,2011,83,13,9,16,0
13,11,2011,83,12,12,17,0
14,11,2011,83,9,17,17,0
15,11,2011,83,8,17,14,-3
16,11,2011,83,7,13,13,-4
17,11,2011,83,12,8,14,1
18,11,2011,83,12,5,12,1
19,11,2011,83,10,7,18,1
20,11,2011,83,0,14,17,-2
21,11,2011,83,8,12,13,-7
22,11,2011,83,11,8,10,-6
23,11,2011,83,7,8,12,-8
24,11,2011,83,11,8,14,-4
25,11,2011,83,10,12,12,0
26,11,2011,83,10,14,11,1
27,11,2011,83,10,13,11,2
28,11,2011,83,8,17,11,3
29,11,2011,83,10,15,14,1
30,11,2011,83,9,9,13,-2
1,12,2011,84,10,7,9,-3
2,12,2011,84,6,8,6,-1
3,12,2011,84,10,6,13,1
4,12,2011,84,7,9,13,2
5,12,2011,84,6,12,11,4
6,12,2011,84,6,15,8,3
7,12,2011,84,7,11,9,-1
8,12,2011,84,9,5,8,-2
9,12,2011,84,6,7,6,-2
10,12,2011,84,3,4,6,-1
11,12,2011,84,7,1,8,0
12,12,2011,84,7,4,9,-1
13,12,2011,84,9,4,10,-1
14,12,2011,84,6,6,8,1
15,12,2011,84,7,12,9,2
16,12,2011,84,3,10,8,2
17,12,2011,84,3,3,6,1
18,12,2011,84,3,-3,7,-2
19,12,2011,84,4,3,6,-1
20,12,2011,84,7,7,8,-2
21,12,2011,84,9,11,7,-3
22,12,2011,84,11,12,6,-3
23,12,2011,84,9,6,6,-6
24,12,2011,84,7,1,6,-6
25,12,2011,84,10,4,6,-7
26,12,2011,84,11,6,4,-1
27,12,2011,84,9,9,4,3
28,12,2011,84,9,5,7,1
29,12,2011,84,8,-1,6,-2
30,12,2011,84,8,7,7,0
31,12,2011,84,12,10,6,0
1,1,2012,85,11,8,7,-1
2,1,2012,85,7,6,7,-3
3,1,2012,85,9,-4,8,-3
4,1,2012,85,8,-7,6,-2
5,1,2012,85,9,1,4,1
6,1,2012,85,7,7,6,2
7,1,2012,85,9,12,7,2
8,1,2012,85,9,4,6,-1
9,1,2012,85,10,2,7,-2
10,1,2012,85,10,4,7,-2
11,1,2012,85,9,6,7,-3
12,1,2012,85,9,6,3,-2
13,1,2012,85,3,4,5,-1
14,1,2012,85,2,-1,6,-2
15,1,2012,85,3,-6,4,-3
16,1,2012,85,3,-3,4,-4
17,1,2012,85,2,7,4,-7
18,1,2012,85,8,4,6,-7
19,1,2012,85,9,-2,7,-9
20,1,2012,85,8,-1,4,-10
21,1,2012,85,10,-3,3,-11
22,1,2012,85,9,-3,6,-12
23,1,2012,85,7,7,4,-14
24,1,2012,85,7,9,3,-16
25,1,2012,85,9,4,3,-16
26,1,2012,85,7,3,3,-16
27,1,2012,85,7,10,2,-16
28,1,2012,85,3,4,3,-15
29,1,2012,85,3,,3,-15
30,1,2012,85,2,,3,-17
31,1,2012,85,1,12,3,-19
1,2,2012,86,1,13,7,-23
2,2,2012,86,-1,6,3,-21
3,2,2012,86,0,3,2,-21
4,2,2012,86,-1,5,4,-18
5,2,2012,86,1,2,6,-12
6,2,2012,86,1,6,4,-13
7,2,2012,86,-1,7,11,-16
8,2,2012,86,-1,2,7,-18
9,2,2012,86,0,4,3,-18
10,2,2012,86,-1,4,4,-17
11,2,2012,86,-3,2,6,-19
12,2,2012,86,0,-3,4,-21
13,2,2012,86,3,2,6,-24
14,2,2012,86,6,6,6,-18
15,2,2012,86,8,6,8,-9
16,2,2012,86,8,4,3,-12
17,2,2012,86,9,8,4,-10
18,2,2012,86,7,6,3,-13
19,2,2012,86,3,4,3,-13
20,2,2012,86,4,4,6,-10
21,2,2012,86,9,4,6,-7
22,2,2012,86,9,10,7,-3
23,2,2012,86,13,11,8,-3
24,2,2012,86,12,5,10,0
25,2,2012,86,9,4,7,-2
26,2,2012,86,8,3,6,-3
27,2,2012,86,9,9,6,-3
28,2,2012,86,12,7,3,-4
29,2,2012,86,11,4,3,-4
1,3,2012,87,12,4,7,-4
2,3,2012,87,7,3,8,-4
3,3,2012,87,10,9,7,-8
4,3,2012,87,7,5,6,-3
5,3,2012,87,7,2,7,-7
6,3,2012,87,6,2,10,-10
7,3,2012,87,8,10,12,-10
8,3,2012,87,7,17,9,-12
9,3,2012,87,9,11,7,-10
10,3,2012,87,12,2,4,-7
11,3,2012,87,11,9,7,-3
12,3,2012,87,8,15,7,-3
13,3,2012,87,8,18,7,-1
14,3,2012,87,8,16,7,-2
15,3,2012,87,9,9,8,-8
16,3,2012,87,9,8,7,-9
17,3,2012,87,9,12,8,-3
18,3,2012,87,7,13,9,2
19,3,2012,87,8,18,9,1
20,3,2012,87,9,18,7,0
21,3,2012,87,10,17,8,-1
22,3,2012,87,10,19,8,1
23,3,2012,87,12,19,10,-3
24,3,2012,87,11,16,9,-6
25,3,2012,87,8,9,8,-6
26,3,2012,87,10,7,8,-4
27,3,2012,87,11,5,9,-3
28,3,2012,87,13,13,10,-7
29,3,2012,87,13,11,11,1
30,3,2012,87,13,9,16,1
31,3,2012,87,9,5,14,-2
1,4,2012,88,8,8,10,1
2,4,2012,88,10,9,10,-2
3,4,2012,88,10,11,13,-1
4,4,2012,88,8,14,11,-1
5,4,2012,88,7,10,14,-1
6,4,2012,88,6,9,10,-1
7,4,2012,88,8,11,9,0
8,4,2012,88,10,13,9,2
9,4,2012,88,10,14,16,3
10,4,2012,88,10,12,16,2
11,4,2012,88,9,9,16,3
12,4,2012,88,9,11,16,4
13,4,2012,88,8,12,17,3
14,4,2012,88,8,16,11,7
15,4,2012,88,6,20,11,7
16,4,2012,88,6,25,12,12
17,4,2012,88,10,21,14,13
18,4,2012,88,9,13,14,8
19,4,2012,88,9,15,13,7
20,4,2012,88,9,17,13,10
21,4,2012,88,9,17,12,14
22,4,2012,88,10,10,11,14
23,4,2012,88,9,9,13,13
24,4,2012,88,9,10,18,14
25,4,2012,88,9,12,18,14
26,4,2012,88,11,12,19,16
27,4,2012,88,12,9,16,16
28,4,2012,88,8,9,18,17
29,4,2012,88,11,12,20,18
30,4,2012,88,13,12,19,10
1,5,2012,89,13,16,19,10
2,5,2012,89,12,11,18,8
3,5,2012,89,8,12,17,9
4,5,2012,89,8,18,18,11
5,5,2012,89,8,16,19,14
6,5,2012,89,7,15,20,16
7,5,2012,89,10,15,18,17
8,5,2012,89,14,16,19,16
9,5,2012,89,13,17,18,12
10,5,2012,89,17,14,17,13
11,5,2012,89,13,15,17,13
12,5,2012,89,10,19,16,21
13,5,2012,89,12,22,16,12
14,5,2012,89,10,19,19,9
15,5,2012,89,9,17,18,13
16,5,2012,89,9,21,21,19
17,5,2012,89,11,17,21,18
18,5,2012,89,13,17,18,17
19,5,2012,89,13,19,19,17
20,5,2012,89,11,20,21,20
21,5,2012,89,12,16,19,19
22,5,2012,89,17,18,14,20
23,5,2012,89,18,21,18,16
24,5,2012,89,19,18,22,11
25,5,2012,89,19,20,20,11
26,5,2012,89,19,24,21,12
27,5,2012,89,19,23,22,13
28,5,2012,89,20,27,21,14
29,5,2012,89,17,26,20,16
30,5,2012,89,18,22,19,19
31,5,2012,89,18,23,20,11
1,6,2012,90,17,20,21,10
2,6,2012,90,14,20,21,13
3,6,2012,90,11,19,20,9
4,6,2012,90,11,15,21,10
5,6,2012,90,11,14,21,13
6,6,2012,90,16,17,19,17
7,6,2012,90,16,20,20,16
8,6,2012,90,14,22,22,18
9,6,2012,90,16,22,19,16
10,6,2012,90,14,24,22,16
11,6,2012,90,12,22,20,17
12,6,2012,90,12,21,17,21
13,6,2012,90,13,19,18,17
14,6,2012,90,13,21,18,17
15,6,2012,90,16,21,19,18
16,6,2012,90,16,21,20,18
17,6,2012,90,17,19,23,19
18,6,2012,90,16,18,24,19
19,6,2012,90,16,21,23,17
20,6,2012,90,17,28,24,19
21,6,2012,90,16,31,23,17
22,6,2012,90,14,27,20,18
23,6,2012,90,16,25,21,18
24,6,2012,90,16,24,22,17
25,6,2012,90,17,20,18,17
26,6,2012,90,19,18,19,21
27,6,2012,90,20,25,19,16
28,6,2012,90,22,26,21,16
29,6,2012,90,17,27,22,14
30,6,2012,90,17,29,22,15
1,7,2012,91,14,29,22,16
2,7,2012,91,16,27,22,21
3,7,2012,91,17,27,23,20
4,7,2012,91,19,27,24,22
5,7,2012,91,20,30,26,22
6,7,2012,91,18,28,24,22
7,7,2012,91,16,29,23,22
8,7,2012,91,17,28,22,20
9,7,2012,91,17,27,24,24
10,7,2012,91,16,26,27,23
11,7,2012,91,16,26,26,22
12,7,2012,91,14,27,26,25
13,7,2012,91,18,28,27,19
14,7,2012,91,14,26,27,19
15,7,2012,91,16,27,28,21
16,7,2012,91,16,27,28,20
17,7,2012,91,18,29,29,16
18,7,2012,91,17,31,28,16
19,7,2012,91,17,22,27,14
20,7,2012,91,16,19,20,16
21,7,2012,91,16,21,20,17
22,7,2012,91,18,23,21,17
23,7,2012,91,20,26,23,17
24,7,2012,91,22,28,27,18
25,7,2012,91,23,24,28,22
26,7,2012,91,20,26,30,22
27,7,2012,91,20,26,28,23
28,7,2012,91,18,24,29,21
29,7,2012,91,16,23,29,22
30,7,2012,91,16,24,28,23
31,7,2012,91,16,24,28,23
1,8,2012,92,18,23,29,23
2,8,2012,92,18,26,30,21
3,8,2012,92,18,28,29,20
4,8,2012,92,18,28,28,21
5,8,2012,92,18,28,29,23
6,8,2012,92,18,26,27,22
7,8,2012,92,16,24,28,24
8,8,2012,92,19,27,26,21
9,8,2012,92,20,27,26,18
10,8,2012,92,20,24,27,16
11,8,2012,92,18,27,29,17
12,8,2012,92,21,27,28,17
13,8,2012,92,19,26,30,17
14,8,2012,92,20,24,28,16
15,8,2012,92,20,24,29,20
16,8,2012,92,19,24,30,18
17,8,2012,92,23,25,30,18
18,8,2012,92,26,22,28,18
19,8,2012,92,25,20,29,19
20,8,2012,92,22,22,29,14
21,8,2012,92,20,23,29,11
22,8,2012,92,18,24,29,13
23,8,2012,92,17,25,30,14
24,8,2012,92,18,26,30,14
25,8,2012,92,18,26,30,16
26,8,2012,92,18,24,30,17
27,8,2012,92,17,24,31,16
28,8,2012,92,19,27,30,16
29,8,2012,92,17,23,30,14
30,8,2012,92,14,22,31,13
31,8,2012,92,13,27,30,11
1,9,2012,93,17,28,27,10
2,9,2012,93,16,25,26,7
3,9,2012,93,20,24,28,14
4,9,2012,93,20,24,27,16
5,9,2012,93,16,24,28,13
6,9,2012,93,16,24,28,17
7,9,2012,93,19,26,27,11
8,9,2012,93,20,22,28,11
9,9,2012,93,20,22,29,9
10,9,2012,93,19,18,29,10
11,9,2012,93,16,18,28,10
12,9,2012,93,14,21,27,16
13,9,2012,93,13,22,28,17
14,9,2012,93,17,22,29,17
15,9,2012,93,16,19,27,14
16,9,2012,93,17,19,28,13
17,9,2012,93,17,20,28,11
18,9,2012,93,14,22,27,12
19,9,2012,93,13,18,27,16
20,9,2012,93,14,17,27,16
21,9,2012,93,13,20,26,16
22,9,2012,93,11,20,23,13
23,9,2012,93,11,17,21,12
24,9,2012,93,13,16,23,9
25,9,2012,93,13,17,20,10
26,9,2012,93,13,21,21,9
27,9,2012,93,13,21,21,10
28,9,2012,93,14,18,21,18
29,9,2012,93,13,16,23,12
30,9,2012,93,12,17,26,10
1,10,2012,94,14,16,27,8
2,10,2012,94,14,19,23,9
3,10,2012,94,12,20,20,11
4,10,2012,94,12,21,22,14
5,10,2012,94,12,21,23,13
6,10,2012,94,11,19,23,9
7,10,2012,94,10,10,19,10
8,10,2012,94,10,10,20,6
9,10,2012,94,11,12,19,4
10,10,2012,94,10,16,19,4
11,10,2012,94,11,12,20,7
12,10,2012,94,12,9,20,4
13,10,2012,94,10,8,20,6
14,10,2012,94,8,17,17,4
15,10,2012,94,9,18,20,6
16,10,2012,94,12,12,18,9
17,10,2012,94,12,12,18,11
18,10,2012,94,14,14,18,11
19,10,2012,94,13,18,17,9
20,10,2012,94,12,17,17,11
21,10,2012,94,11,14,18,10
22,10,2012,94,13,14,19,5
23,10,2012,94,13,16,20,0
24,10,2012,94,14,14,17,-1
25,10,2012,94,11,15,17,2
26,10,2012,94,7,16,17,1
27,10,2012,94,4,17,18,1
28,10,2012,94,6,14,16,2
29,10,2012,94,10,14,18,0
30,10,2012,94,8,11,14,-2
31,10,2012,94,9,8,14,0
1,11,2012,95,8,8,16,-1
2,11,2012,95,8,9,14,1
3,11,2012,95,8,8,14,2
4,11,2012,95,7,7,14,7
5,11,2012,95,7,4,13,7
6,11,2012,95,6,3,14,8
7,11,2012,95,8,2,16,4
8,11,2012,95,10,4,14,2
9,11,2012,95,10,7,17,3
10,11,2012,95,8,9,16,-2
11,11,2012,95,7,14,13,-3
12,11,2012,95,9,14,16,2
13,11,2012,95,12,11,16,3
14,11,2012,95,10,6,14,1
15,11,2012,95,7,4,11,3
16,11,2012,95,7,6,13,4
17,11,2012,95,10,7,14,3
18,11,2012,95,6,7,13,1
19,11,2012,95,7,6,8,-1
20,11,2012,95,12,8,11,1
21,11,2012,95,9,8,11,1
22,11,2012,95,10,9,10,3
23,11,2012,95,9,10,10,1
24,11,2012,95,7,6,10,-3
25,11,2012,95,10,3,9,-3
26,11,2012,95,9,6,10,-3
27,11,2012,95,7,3,10,0
28,11,2012,95,4,3,7,-2
29,11,2012,95,3,4,9,-4
30,11,2012,95,2,6,11,-3
1,12,2012,96,2,4,8,3
2,12,2012,96,2,8,6,-1
3,12,2012,96,7,13,7,-6
4,12,2012,96,4,13,10,-2
5,12,2012,96,2,8,8,-4
6,12,2012,96,1,2,13,-4
7,12,2012,96,4,5,8,-6
8,12,2012,96,4,8,11,-6
9,12,2012,96,7,8,7,-6
10,12,2012,96,3,11,6,-4
11,12,2012,96,0,10,6,-3
12,12,2012,96,-2,4,6,-10
13,12,2012,96,-1,5,7,-9
14,12,2012,96,6,6,7,-11
15,12,2012,96,9,6,8,-16
16,12,2012,96,8,7,12,-15
17,12,2012,96,7,6,8,-18
18,12,2012,96,7,9,12,-18
19,12,2012,96,4,6,6,-18
20,12,2012,96,8,5,7,-19
21,12,2012,96,8,8,6,-19
22,12,2012,96,10,3,8,-16
23,12,2012,96,11,4,8,-21
24,12,2012,96,9,3,6,-23
25,12,2012,96,8,3,5,-14
26,12,2012,96,8,1,4,-4
27,12,2012,96,7,2,3,0
28,12,2012,96,8,1,4,1
29,12,2012,96,9,0,7,-2
30,12,2012,96,8,-1,7,-6
31,12,2012,96,10,1,9,-7
1,1,2013,97,8,1,6,-2
2,1,2013,97,7,-2,10,-1
3,1,2013,97,10,-2,6,-2
4,1,2013,97,9,1,3,-1
5,1,2013,97,9,3,3,-2
6,1,2013,97,8,4,3,-4
7,1,2013,97,8,5,6,-6
8,1,2013,97,10,6,7,-8
9,1,2013,97,6,7,7,-11
10,1,2013,97,2,7,6,-12
11,1,2013,97,2,6,6,-13
12,1,2013,97,2,7,4,-13
13,1,2013,97,2,8,6,-15
14,1,2013,97,1,8,6,-9
15,1,2013,97,0,3,4,-8
16,1,2013,97,-2,2,4,-9
17,1,2013,97,-1,4,4,-10
18,1,2013,97,-1,-1,3,-13
19,1,2013,97,0,5,4,-15
20,1,2013,97,-1,6,6,-17
21,1,2013,97,-1,-2,7,-13
22,1,2013,97,-1,-7,7,-16
23,1,2013,97,2,-9,6,-13
24,1,2013,97,0,-8,7,-12
25,1,2013,97,1,-7,7,-13
26,1,2013,97,4,-6,3,-14
27,1,2013,97,8,-3,4,-14
28,1,2013,97,7,1,6,-14
29,1,2013,97,11,6,7,-8
30,1,2013,97,10,9,7,-4
31,1,2013,97,8,8,4,-3
1,2,2013,98,7,-2,7,-2
2,2,2013,98,3,-4,16,0
3,2,2013,98,4,-3,9,-3
4,2,2013,98,8,-3,11,-2
5,2,2013,98,4,-1,8,-4
6,2,2013,98,4,1,6,-1
7,2,2013,98,3,-2,9,-1
8,2,2013,98,2,-1,4,-2
9,2,2013,98,2,-3,4,-1
10,2,2013,98,3,-3,6,0
11,2,2013,98,1,4,6,1
12,2,2013,98,1,4,3,-1
13,2,2013,98,1,4,6,-2
14,2,2013,98,7,4,7,-6
15,2,2013,98,6,8,6,-5
16,2,2013,98,7,2,3,-10
17,2,2013,98,4,-4,3,-8
18,2,2013,98,3,-3,4,-8
19,2,2013,98,4,5,4,-9
20,2,2013,98,3,0,4,-9
21,2,2013,98,1,-2,3,-12
22,2,2013,98,0,0,4,-12
23,2,2013,98,1,4,6,-9
24,2,2013,98,1,5,4,-7
25,2,2013,98,2,4,4,-4
26,2,2013,98,4,4,4,-3
27,2,2013,98,3,6,6,-1
28,2,2013,98,3,7,8,1
1,3,2013,99,4,5,13,0
2,3,2013,99,2,2,9,-9
3,3,2013,99,3,2,6,-14
4,3,2013,99,4,2,6,-9
5,3,2013,99,8,4,8,-14
6,3,2013,99,9,4,9,-9
7,3,2013,99,8,2,12,-3
8,3,2013,99,8,3,17,-9
9,3,2013,99,6,7,16,-12
10,3,2013,99,2,6,14,-11
11,3,2013,99,-1,8,7,-11
12,3,2013,99,1,10,10,-12
13,3,2013,99,3,7,17,-9
14,3,2013,99,2,2,10,-7
15,3,2013,99,6,4,9,-1
16,3,2013,99,7,3,12,1
17,3,2013,99,4,1,12,-7
18,3,2013,99,4,0,17,-9
19,3,2013,99,4,3,17,-8
20,3,2013,99,3,4,17,-7
21,3,2013,99,3,2,12,-8
22,3,2013,99,4,2,13,-12
23,3,2013,99,2,4,13,-12
24,3,2013,99,1,4,10,-9
25,3,2013,99,1,3,9,-8
26,3,2013,99,1,7,8,-7
27,3,2013,99,1,7,8,-10
28,3,2013,99,1,7,15,-7
29,3,2013,99,1,9,14,-3
30,3,2013,99,2,10,10,-6
31,3,2013,99,1,9,7,0
1,4,2013,100,3,10,10,0
2,4,2013,100,2,3,11,3
3,4,2013,100,2,4,13,0
4,4,2013,100,2,6,16,0
5,4,2013,100,4,12,17,2
6,4,2013,100,4,7,18,2
7,4,2013,100,4,9,16,0
8,4,2013,100,6,17,14,-1
9,4,2013,100,6,19,16,1
10,4,2013,100,7,18,13,1
11,4,2013,100,8,12,9,2
12,4,2013,100,9,7,10,3
13,4,2013,100,9,10,11,3
14,4,2013,100,16,11,16,6
15,4,2013,100,13,11,16,9
16,4,2013,100,13,13,16,9
17,4,2013,100,13,17,20,10
18,4,2013,100,11,13,19,10
19,4,2013,100,8,17,14,14
20,4,2013,100,7,11,9,10
21,4,2013,100,8,8,8,7
22,4,2013,100,10,9,11,4
23,4,2013,100,15,8,13,4
24,4,2013,100,14,14,17,7
25,4,2013,100,17,13,17,4
26,4,2013,100,10,15,16,7
27,4,2013,100,8,16,15,10
28,4,2013,100,7,16,16,7
29,4,2013,100,11,13,17,7
30,4,2013,100,9,16,18,9
1,5,2013,101,9,14,13,9
2,5,2013,101,10,16,13,9
3,5,2013,101,13,14,14,12
4,5,2013,101,12,15,16,10
5,5,2013,101,13,13,17,10
6,5,2013,101,16,14,19,10
7,5,2013,101,14,17,14,11
8,5,2013,101,13,15,16,16
9,5,2013,101,11,16,18,17
10,5,2013,101,14,21,21,19
11,5,2013,101,10,19,19,20
12,5,2013,101,10,16,20,20
13,5,2013,101,11,11,19,20
14,5,2013,101,9,11,22,21
15,5,2013,101,10,17,21,21
16,5,2013,101,10,22,19,22
17,5,2013,101,9,18,18,20
18,5,2013,101,12,16,19,20
19,5,2013,101,13,14,20,19
20,5,2013,101,14,21,19,19
21,5,2013,101,13,25,22,16
22,5,2013,101,12,21,22,13
23,5,2013,101,8,22,21,13
24,5,2013,101,7,13,21,17
25,5,2013,101,9,10,17,19
26,5,2013,101,13,14,21,16
27,5,2013,101,12,17,22,16
28,5,2013,101,11,17,22,17
29,5,2013,101,10,21,22,17
30,5,2013,101,12,27,21,17
31,5,2013,101,16,28,21,19
1,6,2013,102,13,28,19,20
2,6,2013,102,13,26,18,19
3,6,2013,102,13,22,19,19
4,6,2013,102,13,19,22,21
5,6,2013,102,14,19,22,18
6,6,2013,102,14,18,22,16
7,6,2013,102,14,16,21,17
8,6,2013,102,12,19,22,17
9,6,2013,102,12,22,23,19
10,6,2013,102,12,19,22,19
11,6,2013,102,12,22,21,21
12,6,2013,102,17,22,21,17
13,6,2013,102,14,17,21,16
14,6,2013,102,14,17,23,17
15,6,2013,102,14,22,24,22
16,6,2013,102,14,23,22,21
17,6,2013,102,16,25,24,19
18,6,2013,102,17,23,26,16
19,6,2013,102,21,20,26,18
20,6,2013,102,18,22,21,17
21,6,2013,102,17,23,21,16
22,6,2013,102,14,24,22,14
23,6,2013,102,14,26,22,19
24,6,2013,102,13,28,23,22
25,6,2013,102,14,28,23,23
26,6,2013,102,16,27,21,24
27,6,2013,102,17,27,22,26
28,6,2013,102,17,26,21,24
29,6,2013,102,17,25,23,26
30,6,2013,102,21,27,23,23
1,7,2013,103,17,24,23,20
2,7,2013,103,16,25,23,20
3,7,2013,103,18,26,23,23
4,7,2013,103,18,27,24,24
5,7,2013,103,19,28,26,24
6,7,2013,103,19,29,28,23
7,7,2013,103,21,29,29,23
8,7,2013,103,20,27,29,20
9,7,2013,103,19,27,29,19
10,7,2013,103,18,27,29,19
11,7,2013,103,16,27,29,20
12,7,2013,103,18,23,29,20
13,7,2013,103,22,23,29,20
14,7,2013,103,23,28,29,19
15,7,2013,103,24,30,29,19
16,7,2013,103,24,30,24,19
17,7,2013,103,24,31,26,17
18,7,2013,103,22,32,27,17
19,7,2013,103,21,32,24,18
20,7,2013,103,19,31,23,18
21,7,2013,103,21,28,24,14
22,7,2013,103,24,27,26,14
23,7,2013,103,24,27,29,14
24,7,2013,103,21,24,26,16
25,7,2013,103,21,19,27,17
26,7,2013,103,22,23,29,19
27,7,2013,103,23,24,27,16
28,7,2013,103,20,23,27,17
29,7,2013,103,20,25,26,17
30,7,2013,103,19,24,28,19
31,7,2013,103,21,24,27,18
1,8,2013,104,24,22,27,19
2,8,2013,104,21,24,26,19
3,8,2013,104,19,23,27,19
4,8,2013,104,20,23,28,20
5,8,2013,104,21,21,29,20
6,8,2013,104,18,23,29,21
7,8,2013,104,19,24,30,21
8,8,2013,104,19,24,30,21
9,8,2013,104,20,27,31,21
10,8,2013,104,18,25,32,23
11,8,2013,104,21,23,33,23
12,8,2013,104,18,24,31,20
13,8,2013,104,17,23,29,19
14,8,2013,104,18,20,30,20
15,8,2013,104,21,21,31,18
16,8,2013,104,20,23,30,17
17,8,2013,104,18,23,30,16
18,8,2013,104,21,22,30,17
19,8,2013,104,18,23,30,17
20,8,2013,104,19,26,30,18
21,8,2013,104,21,27,29,19
22,8,2013,104,18,24,29,21
23,8,2013,104,21,25,28,20
24,8,2013,104,18,23,28,14
25,8,2013,104,18,23,24,14
26,8,2013,104,21,24,27,15
27,8,2013,104,17,26,25,13
28,8,2013,104,18,26,27,13
29,8,2013,104,20,24,28,16
30,8,2013,104,20,26,31,14
31,8,2013,104,17,27,30,14
1,9,2013,105,16,27,30,14
2,9,2013,105,19,26,29,16
3,9,2013,105,20,24,29,14
4,9,2013,105,21,23,28,11
5,9,2013,105,23,22,27,8
6,9,2013,105,17,18,26,10
7,9,2013,105,16,21,26,13
8,9,2013,105,14,23,26,13
9,9,2013,105,12,18,24,14
10,9,2013,105,13,26,23,12
11,9,2013,105,14,31,23,9
12,9,2013,105,16,26,27,10
13,9,2013,105,17,20,27,10
14,9,2013,105,12,16,28,12
15,9,2013,105,12,17,27,11
16,9,2013,105,12,18,26,13
17,9,2013,105,11,14,23,13
18,9,2013,105,13,17,23,13
19,9,2013,105,13,19,23,12
20,9,2013,105,16,21,24,11
21,9,2013,105,16,21,24,10
22,9,2013,105,17,17,26,11
23,9,2013,105,18,14,21,10
24,9,2013,105,16,16,21,8
25,9,2013,105,18,17,23,7
26,9,2013,105,16,18,21,3
27,9,2013,105,13,17,19,3
28,9,2013,105,16,18,19,4
29,9,2013,105,14,18,22,4
30,9,2013,105,17,19,21,2
1,10,2013,106,14,22,21,2
2,10,2013,106,16,23,23,3
3,10,2013,106,17,22,23,2
4,10,2013,106,18,24,19,2
5,10,2013,106,16,21,18,6
6,10,2013,106,17,20,21,8
7,10,2013,106,16,20,23,7
8,10,2013,106,18,16,24,10
9,10,2013,106,13,14,26,12
10,10,2013,106,10,16,24,12
11,10,2013,106,11,18,26,9
12,10,2013,106,12,19,26,8
13,10,2013,106,11,16,22,7
14,10,2013,106,11,15,19,2
15,10,2013,106,11,17,19,4
16,10,2013,106,11,17,21,8
17,10,2013,106,16,19,17,3
18,10,2013,106,14,17,17,4
19,10,2013,106,16,14,17,2
20,10,2013,106,16,14,14,2
21,10,2013,106,16,14,18,1
22,10,2013,106,17,15,18,-2
23,10,2013,106,14,10,17,-1
24,10,2013,106,13,9,16,4
25,10,2013,106,16,8,18,9
26,10,2013,106,17,9,16,9
27,10,2013,106,14,11,16,9
28,10,2013,106,13,11,16,11
29,10,2013,106,10,10,14,11
30,10,2013,106,10,12,18,9
31,10,2013,106,13,16,17,7
1,11,2013,107,13,18,17,6
2,11,2013,107,13,17,14,7
3,11,2013,107,10,8,17,6
4,11,2013,107,8,5,17,8
5,11,2013,107,9,9,16,7
6,11,2013,107,13,13,16,13
7,11,2013,107,12,12,16,9
8,11,2013,107,10,7,17,4
9,11,2013,107,7,7,13,4
10,11,2013,107,8,12,16,8
11,11,2013,107,8,9,12,7
12,11,2013,107,10,6,9,3
13,11,2013,107,7,1,10,3
14,11,2013,107,8,6,11,2
15,11,2013,107,8,11,12,2
16,11,2013,107,7,12,12,2
17,11,2013,107,9,13,14,4
18,11,2013,107,9,14,16,1
19,11,2013,107,4,7,13,-1
20,11,2013,107,4,3,12,2
21,11,2013,107,6,7,11,2
22,11,2013,107,6,12,11,3
23,11,2013,107,6,6,13,4
24,11,2013,107,7,-3,12,4
25,11,2013,107,7,-2,14,3
26,11,2013,107,6,4,14,0
27,11,2013,107,8,9,13,-4
28,11,2013,107,9,1,13,-1
29,11,2013,107,9,1,9,0
30,11,2013,107,7,0,10,-4
1,12,2013,108,7,6,9,-2
2,12,2013,108,8,7,10,-3
3,12,2013,108,7,8,10,-8
4,12,2013,108,7,8,11,-1
5,12,2013,108,7,12,11,-2
6,12,2013,108,7,10,12,-2
7,12,2013,108,8,3,11,-2
8,12,2013,108,9,-1,8,-3
9,12,2013,108,9,2,8,-8
10,12,2013,108,7,1,10,-13
11,12,2013,108,3,-1,10,-14
12,12,2013,108,6,-3,10,-4
13,12,2013,108,10,-2,9,1
14,12,2013,108,8,-2,7,-3
15,12,2013,108,11,2,7,-9
16,12,2013,108,10,-2,8,-10
17,12,2013,108,7,-2,9,-1
18,12,2013,108,8,-1,7,1
19,12,2013,108,8,4,6,0
20,12,2013,108,7,8,7,-2
21,12,2013,108,11,14,6,-1
22,12,2013,108,8,19,8,0
23,12,2013,108,9,12,7,1
24,12,2013,108,9,1,9,1
25,12,2013,108,6,-4,7,1
26,12,2013,108,6,1,7,0
27,12,2013,108,10,2,7,-1
28,12,2013,108,7,8,6,-1
29,12,2013,108,6,7,4,1
30,12,2013,108,9,1,6,1
31,12,2013,108,9,-3,6,1
1,1,2014,109,9,-2,9,-1
2,1,2014,109,9,-3,8,-3
3,1,2014,109,9,-10,7,-3
4,1,2014,109,8,-7,7,-2
5,1,2014,109,8,1,6,0
6,1,2014,109,12,3,7,0
7,1,2014,109,10,-11,7,1
8,1,2014,109,10,-9,8,2
9,1,2014,109,9,-3,7,2
10,1,2014,109,8,1,3,2
11,1,2014,109,6,9,3,0
12,1,2014,109,6,8,6,-1
13,1,2014,109,9,7,6,-4
14,1,2014,109,6,9,4,-10
15,1,2014,109,9,4,4,-12
16,1,2014,109,9,3,4,-10
17,1,2014,109,8,4,7,-13
18,1,2014,109,9,1,6,-17
19,1,2014,109,8,-1,4,-19
20,1,2014,109,6,4,4,-15
21,1,2014,109,6,-5,6,-18
22,1,2014,109,8,-11,4,-19
23,1,2014,109,7,-10,6,-18
24,1,2014,109,7,-9,7,-17
25,1,2014,109,9,-4,8,-17
26,1,2014,109,7,-3,9,-14
27,1,2014,109,6,1,3,-14
28,1,2014,109,8,-8,8,-16
29,1,2014,109,4,-7,8,-21
30,1,2014,109,6,-5,11,-21
31,1,2014,109,7,0,10,-19
1,2,2014,110,8,5,7,-14
2,2,2014,110,9,9,9,-9
3,2,2014,110,7,3,13,-9
4,2,2014,110,7,-2,7,-6
5,2,2014,110,8,0,2,-4
6,2,2014,110,8,-3,3,-7
7,2,2014,110,8,-2,3,-8
8,2,2014,110,8,-4,2,-2
9,2,2014,110,8,-3,4,0
10,2,2014,110,7,-4,7,-3
11,2,2014,110,7,-6,3,-4
12,2,2014,110,7,-7,4,-1
13,2,2014,110,7,-1,4,1
14,2,2014,110,8,2,3,2
15,2,2014,110,8,0,3,2
16,2,2014,110,7,-3,8,1
17,2,2014,110,8,-4,8,0
18,2,2014,110,9,1,6,1
19,2,2014,110,8,4,6,-1
20,2,2014,110,10,7,4,-2
21,2,2014,110,8,6,6,-4
22,2,2014,110,9,8,6,-4
23,2,2014,110,11,9,6,0
24,2,2014,110,11,2,7,1
25,2,2014,110,9,-2,8,1
26,2,2014,110,9,-3,9,-2
27,2,2014,110,8,-4,11,-1
28,2,2014,110,6,-8,13,-2
1,3,2014,111,7,-2,9,-3
2,3,2014,111,7,2,6,-2
3,3,2014,111,7,-4,8,0
4,3,2014,111,7,-6,6,0
5,3,2014,111,8,1,8,1
6,3,2014,111,10,-4,7,1
7,3,2014,111,12,0,4,2
8,3,2014,111,12,8,4,3
9,3,2014,111,14,4,7,3
10,3,2014,111,9,7,6,7
11,3,2014,111,9,13,6,4
12,3,2014,111,9,7,10,3
13,3,2014,111,11,-3,13,4
14,3,2014,111,10,1,10,6
15,3,2014,111,13,10,8,4
16,3,2014,111,14,2,11,1
17,3,2014,111,11,-2,11,-2
18,3,2014,111,11,2,14,-3
19,3,2014,111,12,4,11,-6
20,3,2014,111,11,8,8,-7
21,3,2014,111,10,7,10,-4
22,3,2014,111,8,11,9,9
23,3,2014,111,7,2,11,7
24,3,2014,111,6,-2,13,12
25,3,2014,111,8,1,16,11
26,3,2014,111,6,-1,16,4
27,3,2014,111,7,1,13,3
28,3,2014,111,8,10,14,0
29,3,2014,111,13,11,17,-3
30,3,2014,111,14,7,17,2
31,3,2014,111,13,8,16,0
1,4,2014,112,14,10,13,-2
2,4,2014,112,14,9,14,-4
3,4,2014,112,14,14,14,-3
4,4,2014,112,13,7,16,1
5,4,2014,112,12,8,11,-1
6,4,2014,112,14,9,9,3
7,4,2014,112,12,9,10,3
8,4,2014,112,10,13,14,2
9,4,2014,112,11,12,14,0
10,4,2014,112,12,10,16,0
11,4,2014,112,13,19,12,0
12,4,2014,112,12,17,13,4
13,4,2014,112,13,19,13,8
14,4,2014,112,12,19,13,4
15,4,2014,112,9,9,15,8
16,4,2014,112,10,4,18,8
17,4,2014,112,13,6,17,7
18,4,2014,112,9,6,13,7
19,4,2014,112,9,13,12,10
20,4,2014,112,10,12,10,11
21,4,2014,112,12,12,13,13
22,4,2014,112,13,16,14,16
23,4,2014,112,13,12,16,11
24,4,2014,112,13,11,16,4
25,4,2014,112,12,12,17,6
26,4,2014,112,13,14,18,6
27,4,2014,112,12,12,17,8
28,4,2014,112,13,13,18,14
29,4,2014,112,13,9,18,13
30,4,2014,112,14,8,16,13
1,5,2014,113,12,18,20,13
2,5,2014,113,9,17,20,10
3,5,2014,113,9,17,21,4
4,5,2014,113,11,16,19,5
5,5,2014,113,12,16,18,4
6,5,2014,113,16,17,14,6
7,5,2014,113,14,16,16,6
8,5,2014,113,13,13,18,13
9,5,2014,113,14,15,20,16
10,5,2014,113,14,21,18,13
11,5,2014,113,12,22,20,12
12,5,2014,113,13,24,19,14
13,5,2014,113,12,17,19,17
14,5,2014,113,14,17,21,14
15,5,2014,113,14,18,18,14
16,5,2014,113,16,17,21,14
17,5,2014,113,18,17,20,14
18,5,2014,113,19,15,20,18
19,5,2014,113,19,16,20,21
20,5,2014,113,18,19,21,21
21,5,2014,113,16,21,17,20
22,5,2014,113,16,17,18,20
23,5,2014,113,16,18,17,20
24,5,2014,113,13,18,19,20
25,5,2014,113,14,20,22,22
26,5,2014,113,13,24,21,21
27,5,2014,113,12,24,21,21
28,5,2014,113,13,15,23,16
29,5,2014,113,16,15,22,13
30,5,2014,113,14,18,23,17
31,5,2014,113,14,18,24,21
1,6,2014,114,18,19,26,18
2,6,2014,114,17,21,24,22
3,6,2014,114,17,24,23,20
4,6,2014,114,12,23,23,20
5,6,2014,114,14,21,20,22
6,6,2014,114,16,21,20,22
7,6,2014,114,19,22,19,22
8,6,2014,114,19,24,20,21
9,6,2014,114,21,20,21,17
10,6,2014,114,19,22,23,13
11,6,2014,114,18,19,21,16
12,6,2014,114,20,19,22,16
13,6,2014,114,20,22,24,12
14,6,2014,114,18,19,24,16
15,6,2014,114,16,21,24,12
16,6,2014,114,14,22,24,11
17,6,2014,114,17,27,23,12
18,6,2014,114,17,28,22,9
19,6,2014,114,17,23,24,12
20,6,2014,114,17,22,23,16
21,6,2014,114,19,21,23,17
22,6,2014,114,19,22,22,13
23,6,2014,114,19,23,23,11
24,6,2014,114,20,24,23,11
25,6,2014,114,16,26,23,13
26,6,2014,114,17,26,23,11
27,6,2014,114,18,24,23,11
28,6,2014,114,17,25,23,9
29,6,2014,114,16,24,24,12
30,6,2014,114,16,25,23,18
1,7,2014,115,18,27,24,22
2,7,2014,115,19,28,26,22
3,7,2014,115,21,26,24,16
4,7,2014,115,21,21,22,16
5,7,2014,115,19,22,21,18
6,7,2014,115,18,24,23,18
7,7,2014,115,17,27,23,19
8,7,2014,115,17,27,26,19
9,7,2014,115,18,27,24,19
10,7,2014,115,17,26,26,13
11,7,2014,115,17,26,28,13
12,7,2014,115,20,26,28,18
13,7,2014,115,21,26,26,19
14,7,2014,115,20,26,28,21
15,7,2014,115,22,26,27,22
16,7,2014,115,21,24,27,23
17,7,2014,115,23,23,27,21
18,7,2014,115,24,23,24,19
19,7,2014,115,24,22,23,19
20,7,2014,115,22,22,24,20
21,7,2014,115,21,24,24,19
22,7,2014,115,21,26,27,17
23,7,2014,115,22,27,28,18
24,7,2014,115,22,24,29,19
25,7,2014,115,22,23,29,18
26,7,2014,115,22,24,29,21
27,7,2014,115,22,26,30,20
28,7,2014,115,19,24,27,23
29,7,2014,115,21,21,27,23
30,7,2014,115,21,22,27,26
31,7,2014,115,21,24,29,24
1,8,2014,116,20,26,29,24
2,8,2014,116,20,21,29,26
3,8,2014,116,19,22,31,24
4,8,2014,116,20,25,30,22
5,8,2014,116,19,27,31,23
6,8,2014,116,21,25,30,23
7,8,2014,116,22,24,29,23
8,8,2014,116,20,23,28,19
9,8,2014,116,19,25,26,22
10,8,2014,116,19,26,26,23
11,8,2014,116,17,26,29,22
12,8,2014,116,17,24,26,23
13,8,2014,116,17,24,26,20
14,8,2014,116,17,21,27,18
15,8,2014,116,17,19,29,21
16,8,2014,116,17,22,28,18
17,8,2014,116,18,23,27,16
18,8,2014,116,16,22,29,18
19,8,2014,116,14,23,30,18
20,8,2014,116,14,25,30,19
21,8,2014,116,14,23,29,22
22,8,2014,116,17,22,30,17
23,8,2014,116,16,22,28,13
24,8,2014,116,14,22,28,17
25,8,2014,116,14,24,26,14
26,8,2014,116,16,27,24,16
27,8,2014,116,16,27,22,13
28,8,2014,116,19,23,21,13
29,8,2014,116,18,22,23,14
30,8,2014,116,18,23,22,11
31,8,2014,116,18,28,23,10
1,9,2014,117,17,28,21,12
2,9,2014,117,17,29,24,14
3,9,2014,117,18,26,23,11
4,9,2014,117,17,26,24,13
5,9,2014,117,18,27,27,16
6,9,2014,117,19,26,27,13
7,9,2014,117,18,23,22,14
8,9,2014,117,16,21,21,14
9,9,2014,117,17,20,23,16
10,9,2014,117,17,22,23,14
11,9,2014,117,16,24,21,17
12,9,2014,117,18,21,22,16
13,9,2014,117,17,18,23,17
14,9,2014,117,18,17,23,10
15,9,2014,117,17,17,23,11
16,9,2014,117,18,18,24,10
17,9,2014,117,18,18,23,8
18,9,2014,117,20,19,22,9
19,9,2014,117,19,16,21,12
20,9,2014,117,17,19,21,12
21,9,2014,117,14,22,20,11
22,9,2014,117,14,17,22,11
23,9,2014,117,14,17,21,12
24,9,2014,117,16,18,23,8
25,9,2014,117,14,16,24,6
26,9,2014,117,18,20,23,8
27,9,2014,117,17,22,20,8
28,9,2014,117,19,23,21,9
29,9,2014,117,17,23,23,11
30,9,2014,117,19,19,23,9
1,10,2014,118,19,17,23,7
2,10,2014,118,18,19,20,4
3,10,2014,118,18,18,24,4
4,10,2014,118,14,16,24,7
5,10,2014,118,11,12,19,4
6,10,2014,118,11,16,21,4
7,10,2014,118,13,19,20,1
8,10,2014,118,14,20,19,1
9,10,2014,118,14,17,20,7
10,10,2014,118,13,14,21,11
11,10,2014,118,14,13,19,14
12,10,2014,118,11,13,18,10
13,10,2014,118,13,15,20,13
14,10,2014,118,14,21,23,8
15,10,2014,118,14,23,17,7
16,10,2014,118,16,19,17,3
17,10,2014,118,17,18,18,0
18,10,2014,118,18,17,17,-3
19,10,2014,118,18,10,18,-4
20,10,2014,118,16,11,20,0
21,10,2014,118,12,16,19,-1
22,10,2014,118,11,12,18,-7
23,10,2014,118,14,11,14,-10
24,10,2014,118,17,14,17,-4
25,10,2014,118,12,15,17,-7
26,10,2014,118,14,14,20,-2
27,10,2014,118,16,13,19,2
28,10,2014,118,14,17,17,7
29,10,2014,118,14,17,16,8
30,10,2014,118,17,12,16,3
31,10,2014,118,19,10,18,1
1,11,2014,119,16,7,17,0
2,11,2014,119,13,7,19,-2
3,11,2014,119,10,10,18,-1
4,11,2014,119,10,16,16,1
5,11,2014,119,9,16,14,2
6,11,2014,119,7,12,18,4
7,11,2014,119,12,8,18,6
8,11,2014,119,11,6,14,7
9,11,2014,119,11,11,16,4
10,11,2014,119,11,12,17,2
11,11,2014,119,12,14,14,4
12,11,2014,119,12,13,14,4
13,11,2014,119,12,6,16,4
14,11,2014,119,11,4,11,1
15,11,2014,119,10,3,12,-1
16,11,2014,119,10,4,12,-3
17,11,2014,119,9,8,13,-6
18,11,2014,119,11,2,13,-3
19,11,2014,119,9,-2,12,-7
20,11,2014,119,9,3,10,-8
21,11,2014,119,8,1,12,-6
22,11,2014,119,13,2,13,-4
23,11,2014,119,10,10,14,-4
24,11,2014,119,7,16,13,-2
25,11,2014,119,6,16,11,-3
26,11,2014,119,9,6,9,-6
27,11,2014,119,11,2,13,-7
28,11,2014,119,11,1,13,-10
29,11,2014,119,10,2,16,-11
30,11,2014,119,9,10,14,-11
1,12,2014,120,8,12,16,-11
2,12,2014,120,7,4,10,-10
3,12,2014,120,7,7,9,-9
4,12,2014,120,4,5,11,-7
5,12,2014,120,6,4,10,-2
6,12,2014,120,3,7,6,-6
7,12,2014,120,7,2,6,-4
8,12,2014,120,6,-1,8,-6
9,12,2014,120,6,4,9,-4
10,12,2014,120,10,2,8,-3
11,12,2014,120,8,2,12,-1
12,12,2014,120,7,2,10,-2
13,12,2014,120,4,4,8,0
14,12,2014,120,6,6,4,1
15,12,2014,120,8,6,6,0
16,12,2014,120,6,7,6,1
17,12,2014,120,11,9,6,1
18,12,2014,120,13,4,4,0
19,12,2014,120,10,2,4,0
20,12,2014,120,8,0,7,3
21,12,2014,120,9,1,8,1
22,12,2014,120,13,4,7,-1
23,12,2014,120,12,7,7,-1
24,12,2014,120,9,11,9,-6
25,12,2014,120,6,12,8,-10
26,12,2014,120,6,7,6,-12
27,12,2014,120,6,10,6,-9
28,12,2014,120,3,9,4,-12
29,12,2014,120,3,4,6,-14
30,12,2014,120,3,-1,7,-17
31,12,2014,120,4,-1,7,-14
1,1,2015,121,9,1,4,-3
2,1,2015,121,9,4,2,0
3,1,2015,121,4,3,4,1
4,1,2015,121,2,9,4,0
5,1,2015,121,7,2,7,-9
6,1,2015,121,7,-6,11,-19
7,1,2015,121,7,-9,8,-19
8,1,2015,121,10,-9,7,-14
9,1,2015,121,13,-3,8,-9
10,1,2015,121,9,-7,7,-6
11,1,2015,121,7,-2,6,-1
12,1,2015,121,11,3,6,-1
13,1,2015,121,8,-3,6,-2
14,1,2015,121,7,-4,6,1
15,1,2015,121,9,-1,7,1
16,1,2015,121,4,0,8,-2
17,1,2015,121,3,-4,7,-1
18,1,2015,121,3,3,6,0
19,1,2015,121,2,4,6,-2
20,1,2015,121,2,2,8,-7
21,1,2015,121,3,-1,3,-14
22,1,2015,121,2,2,6,-14
23,1,2015,121,3,1,9,-7
24,1,2015,121,6,2,7,-2
25,1,2015,121,6,3,7,-7
26,1,2015,121,8,-3,10,-11
27,1,2015,121,7,-4,10,-8
28,1,2015,121,7,-4,6,-6
29,1,2015,121,4,-2,3,-3
30,1,2015,121,3,-2,3,-3
31,1,2015,121,3,-7,7,-1
1,2,2015,122,3,-2,4,1
2,2,2015,122,1,-4,6,-2
3,2,2015,122,2,-7,6,-4
4,2,2015,122,3,1,6,-4
5,2,2015,122,3,-2,4,-6
6,2,2015,122,3,-7,6,-9
7,2,2015,122,3,1,7,-6
8,2,2015,122,6,1,4,-3
9,2,2015,122,6,-3,3,-6
10,2,2015,122,4,1,3,-11
11,2,2015,122,6,-2,6,-3
12,2,2015,122,4,-2,8,0
13,2,2015,122,6,-9,6,-1
14,2,2015,122,7,-4,6,-2
15,2,2015,122,7,-9,6,-4
16,2,2015,122,6,-11,7,-9
17,2,2015,122,7,-6,4,-7
18,2,2015,122,7,-3,4,-7
19,2,2015,122,7,-8,6,-3
20,2,2015,122,7,-12,7,0
21,2,2015,122,4,-5,7,1
22,2,2015,122,6,3,8,1
23,2,2015,122,8,-5,13,1
24,2,2015,122,8,-10,10,3
25,2,2015,122,9,-2,9,1
26,2,2015,122,8,-3,7,1
27,2,2015,122,6,-4,9,0
28,2,2015,122,8,-6,7,1
1,3,2015,123,9,-2,8,1
2,3,2015,123,7,1,10,0
3,3,2015,123,8,-1,7,0
4,3,2015,123,7,4,10,0
5,3,2015,123,7,-1,10,0
6,3,2015,123,10,-7,8,0
7,3,2015,123,12,-2,7,1
8,3,2015,123,10,6,8,0
9,3,2015,123,8,8,9,4
10,3,2015,123,8,8,8,7
11,3,2015,123,8,11,6,7
12,3,2015,123,9,6,9,2
13,3,2015,123,7,3,9,2
14,3,2015,123,6,8,9,2
15,3,2015,123,6,4,9,2
16,3,2015,123,7,7,11,4
17,3,2015,123,9,8,15,3
18,3,2015,123,7,1,14,4
19,3,2015,123,7,2,12,4
20,3,2015,123,8,1,11,3
21,3,2015,123,8,3,11,2
22,3,2015,123,6,2,12,-3
23,3,2015,123,8,-1,10,-6
24,3,2015,123,8,2,9,2
25,3,2015,123,6,6,9,3
26,3,2015,123,8,11,9,0
27,3,2015,123,9,6,11,0
28,3,2015,123,11,1,13,0
29,3,2015,123,11,2,16,1
30,3,2015,123,9,7,16,-1
31,3,2015,123,10,5,16,0
1,4,2015,124,9,6,14,0
2,4,2015,124,9,12,11,3
3,4,2015,124,9,17,17,1
4,4,2015,124,9,11,16,2
5,4,2015,124,9,11,11,1
6,4,2015,124,10,12,16,2
7,4,2015,124,11,11,10,4
8,4,2015,124,12,5,6,3
9,4,2015,124,11,4,8,4
10,4,2015,124,13,9,9,6
11,4,2015,124,11,11,12,8
12,4,2015,124,12,13,13,8
13,4,2015,124,12,15,10,9
14,4,2015,124,16,16,12,6
15,4,2015,124,18,17,16,3
16,4,2015,124,12,14,16,3
17,4,2015,124,10,17,16,4
18,4,2015,124,9,21,14,2
19,4,2015,124,8,13,13,-1
20,4,2015,124,11,11,18,-1
21,4,2015,124,11,15,17,4
22,4,2015,124,10,15,16,4
23,4,2015,124,11,8,17,7
24,4,2015,124,13,8,18,6
25,4,2015,124,16,10,18,7
26,4,2015,124,10,13,18,7
27,4,2015,124,8,13,18,13
28,4,2015,124,9,16,20,14
29,4,2015,124,10,18,19,18
30,4,2015,124,11,14,19,12
1,5,2015,125,9,13,21,9
2,5,2015,125,10,16,21,14
3,5,2015,125,15,19,22,10
4,5,2015,125,14,22,22,10
5,5,2015,125,14,24,18,9
6,5,2015,125,12,19,18,9
7,5,2015,125,13,20,19,9
8,5,2015,125,13,21,20,10
9,5,2015,125,16,18,19,12
10,5,2015,125,14,22,20,14
11,5,2015,125,17,25,17,14
12,5,2015,125,14,24,19,14
13,5,2015,125,13,17,22,14
14,5,2015,125,10,17,22,14
15,5,2015,125,12,18,23,9
16,5,2015,125,14,19,21,8
17,5,2015,125,13,23,23,8
18,5,2015,125,13,20,22,8
19,5,2015,125,11,21,21,8
20,5,2015,125,11,16,22,12
21,5,2015,125,14,14,20,17
22,5,2015,125,15,18,20,19
23,5,2015,125,14,16,20,14
24,5,2015,125,16,21,21,14
25,5,2015,125,13,24,21,13
26,5,2015,125,14,26,23,18
27,5,2015,125,16,26,23,21
28,5,2015,125,16,26,23,20
29,5,2015,125,12,24,20,20
30,5,2015,125,13,24,23,20
31,5,2015,125,13,22,26,18
1,6,2015,126,12,13,23,16
2,6,2015,126,16,12,23,16
3,6,2015,126,16,16,21,19
4,6,2015,126,16,16,24,18
5,6,2015,126,19,17,18,12
6,6,2015,126,15,20,18,13
7,6,2015,126,15,18,21,17
8,6,2015,126,13,22,21,19
9,6,2015,126,12,24,20,14
10,6,2015,126,14,23,23,13
11,6,2015,126,16,27,23,13
12,6,2015,126,18,27,21,16
13,6,2015,126,18,26,24,18
14,6,2015,126,16,25,23,23
15,6,2015,126,14,23,24,23
16,6,2015,126,17,22,23,16
17,6,2015,126,19,23,23,13
18,6,2015,126,18,20,21,13
19,6,2015,126,17,26,20,14
20,6,2015,126,17,21,22,17
21,6,2015,126,18,27,21,17
22,6,2015,126,14,26,22,20
23,6,2015,126,17,28,23,19
24,6,2015,126,19,24,24,19
25,6,2015,126,19,23,24,20
26,6,2015,126,21,24,22,19
27,6,2015,126,19,18,23,18
28,6,2015,126,19,20,23,14
29,6,2015,126,20,21,22,16
30,6,2015,126,22,24,22,17
1,7,2015,127,27,24,23,19
2,7,2015,127,22,24,23,18
3,7,2015,127,20,23,23,16
4,7,2015,127,22,22,23,23
5,7,2015,127,19,24,20,22
6,7,2015,127,18,26,20,14
7,7,2015,127,19,28,21,16
8,7,2015,127,18,28,22,17
9,7,2015,127,18,23,20,21
10,7,2015,127,20,26,23,20
11,7,2015,127,21,26,26,16
12,7,2015,127,19,27,27,14
13,7,2015,127,19,27,29,11
14,7,2015,127,19,26,29,15
15,7,2015,127,20,25,28,14
16,7,2015,127,20,22,28,14
17,7,2015,127,21,23,27,16
18,7,2015,127,19,26,28,16
19,7,2015,127,20,30,29,16
20,7,2015,127,20,31,29,14
21,7,2015,127,21,28,30,16
22,7,2015,127,19,25,29,17
23,7,2015,127,17,25,28,18
24,7,2015,127,17,26,28,19
25,7,2015,127,16,26,28,17
26,7,2015,127,16,28,30,19
27,7,2015,127,18,26,29,21
28,7,2015,127,17,29,29,21
29,7,2015,127,16,31,29,19
30,7,2015,127,17,28,30,18
31,7,2015,127,16,27,30,17
1,8,2015,128,18,28,31,16
2,8,2015,128,19,27,30,16
3,8,2015,128,20,28,30,16
4,8,2015,128,18,26,30,17
5,8,2015,128,19,27,31,17
6,8,2015,128,20,24,31,17
7,8,2015,128,19,25,31,19
8,8,2015,128,20,24,28,21
9,8,2015,128,21,25,28,22
10,8,2015,128,21,25,28,21
11,8,2015,128,18,24,29,19
12,8,2015,128,18,26,30,19
13,8,2015,128,19,24,28,22
14,8,2015,128,19,26,28,17
15,8,2015,128,18,28,29,13
16,8,2015,128,17,29,28,13
17,8,2015,128,17,31,27,12
18,8,2015,128,17,28,29,12
19,8,2015,128,18,28,28,13
20,8,2015,128,19,28,26,14
21,8,2015,128,22,26,28,14
22,8,2015,128,23,26,29,17
23,8,2015,128,19,26,27,17
24,8,2015,128,16,27,24,12
25,8,2015,128,17,28,21,14
26,8,2015,128,18,24,20,19
27,8,2015,128,18,24,23,18
28,8,2015,128,16,23,22,16
29,8,2015,128,18,25,21,16
30,8,2015,128,18,27,22,14
31,8,2015,128,16,29,22,14
1,9,2015,129,17,28,23,13
2,9,2015,129,14,28,28,13
3,9,2015,129,13,29,27,13
4,9,2015,129,13,26,26,13
5,9,2015,129,13,24,26,13
6,9,2015,129,13,24,26,13
7,9,2015,129,13,27,24,12
8,9,2015,129,13,31,21,11
9,9,2015,129,16,28,23,12
10,9,2015,129,16,24,22,10
11,9,2015,129,16,23,23,11
12,9,2015,129,18,23,26,12
13,9,2015,129,14,22,26,10
14,9,2015,129,16,20,23,10
15,9,2015,129,14,23,23,10
16,9,2015,129,13,25,21,13
17,9,2015,129,14,26,18,16
18,9,2015,129,16,26,21,20
19,9,2015,129,16,24,23,16
20,9,2015,129,16,22,23,14
21,9,2015,129,14,19,23,19
22,9,2015,129,13,19,23,13
23,9,2015,129,14,21,23,13
24,9,2015,129,16,22,22,18
25,9,2015,129,14,21,19,20
26,9,2015,129,13,19,20,18
27,9,2015,129,14,18,22,18
28,9,2015,129,14,22,23,14
29,9,2015,129,14,26,23,6
30,9,2015,129,14,21,21,9
1,10,2015,130,14,16,19,7
2,10,2015,130,13,12,24,11
3,10,2015,130,13,11,23,10
4,10,2015,130,13,14,22,8
5,10,2015,130,16,16,18,12
6,10,2015,130,18,17,19,5
7,10,2015,130,14,19,18,0
8,10,2015,130,12,19,20,1
9,10,2015,130,12,21,20,-1
10,10,2015,130,12,14,18,1
11,10,2015,130,12,16,20,2
12,10,2015,130,11,19,20,4
13,10,2015,130,11,19,19,6
14,10,2015,130,10,17,19,1
15,10,2015,130,11,14,19,4
16,10,2015,130,13,15,17,3
17,10,2015,130,12,9,18,3
18,10,2015,130,13,7,20,7
19,10,2015,130,12,7,20,6
20,10,2015,130,12,15,20,-1
21,10,2015,130,12,19,18,-1
22,10,2015,130,14,19,18,1
23,10,2015,130,12,13,19,1
24,10,2015,130,12,9,19,3
25,10,2015,130,9,14,17,6
26,10,2015,130,11,11,16,6
27,10,2015,130,14,11,18,4
28,10,2015,130,13,16,21,1
29,10,2015,130,13,18,17,-1
30,10,2015,130,14,13,18,1
31,10,2015,130,12,9,14,-2
1,11,2015,131,9,16,13,3
2,11,2015,131,11,15,13,4
3,11,2015,131,12,16,17,8
4,11,2015,131,13,17,14,3
5,11,2015,131,14,18,16,4
6,11,2015,131,16,21,18,0
7,11,2015,131,14,17,17,-2
8,11,2015,131,13,11,17,-1
9,11,2015,131,13,11,21,0
10,11,2015,131,16,12,17,2
11,11,2015,131,14,12,16,1
12,11,2015,131,13,13,14,1
13,11,2015,131,11,11,13,1
14,11,2015,131,11,8,14,1
15,11,2015,131,16,9,17,-2
16,11,2015,131,14,15,17,-3
17,11,2015,131,14,8,20,-3
18,11,2015,131,13,11,18,-2
19,11,2015,131,12,16,16,1
20,11,2015,131,8,13,14,3
21,11,2015,131,3,9,16,4
22,11,2015,131,3,9,14,-1
23,11,2015,131,4,4,13,-2
24,11,2015,131,9,4,16,-1
25,11,2015,131,8,6,10,-1
26,11,2015,131,9,11,9,-4
27,11,2015,131,10,14,12,-7
28,11,2015,131,8,12,10,-4
29,11,2015,131,12,6,10,-4
30,11,2015,131,11,4,10,-2
1,12,2015,132,12,9,11,0
2,12,2015,132,13,11,10,0
3,12,2015,132,12,10,12,-2
4,12,2015,132,10,8,12,0
5,12,2015,132,13,8,11,2
6,12,2015,132,14,8,11,4
7,12,2015,132,13,9,10,4
8,12,2015,132,11,7,9,2
9,12,2015,132,9,9,8,0
10,12,2015,132,11,13,10,-1
11,12,2015,132,9,13,16,1
12,12,2015,132,10,16,13,-1
13,12,2015,132,10,16,11,0
14,12,2015,132,9,16,12,-1
15,12,2015,132,11,16,12,-3
16,12,2015,132,14,10,13,-3
17,12,2015,132,14,13,11,-4
18,12,2015,132,13,9,9,-6
19,12,2015,132,16,3,8,1
20,12,2015,132,13,4,8,3
21,12,2015,132,11,9,10,7
22,12,2015,132,13,14,12,6
23,12,2015,132,11,14,8,3
24,12,2015,132,11,20,10,6
25,12,2015,132,11,17,12,1
26,12,2015,132,14,12,10,1
27,12,2015,132,13,12,8,-2
28,12,2015,132,12,4,7,-7
29,12,2015,132,11,4,8,-10
30,12,2015,132,12,6,8,-8
31,12,2015,132,9,7,8,-11